"Station Name","TORONTO BUTTONVILLE A"
"Province","ONTARIO"
"Latitude","43.86"
"Longitude","-79.37"
"Elevation","198.10"
"Climate Identifier","615HMAK"
"WMO Identifier","71639"
"TC Identifier","YKZ"
"All times are specified in Local Standard Time (LST). Add 1 hour to adjust for Daylight Saving Time where and when it is observed."

"Legend"
"E","Estimated"
"M","Missing"
"NA","Not Available"

"Date/Time","Year","Month","Day","Time","Temp (°C)","Temp Flag","Dew Point Temp (°C)","Dew Point Temp Flag","Rel Hum (%)","Rel Hum Flag","Wind Dir (10s deg)","Wind Dir Flag","Wind Spd (km/h)","Wind Spd Flag","Visibility (km)","Visibility Flag","Stn Press (kPa)","Stn Press Flag","Hmdx","Hmdx Flag","Wind Chill","Wind Chill Flag","Weather"
"2012-05-01 00:00","2012","05","01","00:00","5.5","","4.9","","96","","36","","7","","11.3","","98.95","","","","","","Rain"
"2012-05-01 01:00","2012","05","01","01:00","5.8","","4.9","","94","","35","","7","","11.3","","98.87","","","","","","Cloudy"
"2012-05-01 02:00","2012","05","01","02:00","6.1","","5.3","","95","","34","","7","","12.9","","98.84","","","","","","Cloudy"
"2012-05-01 03:00","2012","05","01","03:00","6.1","","5.3","","95","","34","","7","","11.3","","98.86","","","","","","Cloudy"
"2012-05-01 04:00","2012","05","01","04:00","6.4","","5.6","","95","","32","","7","","11.3","","98.91","","","","","","Cloudy"
"2012-05-01 05:00","2012","05","01","05:00","6.6","","5.5","","93","","31","","6","","8.0","","98.96","","","","","","Fog"
"2012-05-01 06:00","2012","05","01","06:00","7.1","","6.0","","93","","32","","9","","8.0","","99.04","","","","","","Fog"
"2012-05-01 07:00","2012","05","01","07:00","8.3","","6.8","","90","","32","","13","","16.1","","99.13","","","","","","Cloudy"
"2012-05-01 08:00","2012","05","01","08:00","9.3","","7.0","","86","","34","","13","","16.1","","99.17","","","","","","Cloudy"
"2012-05-01 09:00","2012","05","01","09:00","9.9","","7.3","","84","","33","","19","","19.3","","99.22","","","","","","Cloudy"
"2012-05-01 10:00","2012","05","01","10:00","10.7","","7.3","","79","","31","","19","","19.3","","99.30","","","","","","Cloudy"
"2012-05-01 11:00","2012","05","01","11:00","11.2","","7.3","","77","","31","","15","","19.3","","99.33","","","","","","Cloudy"
"2012-05-01 12:00","2012","05","01","12:00","11.1","","6.7","","74","","31","","17","","19.3","","99.32","","","","","","Cloudy"
"2012-05-01 13:00","2012","05","01","13:00","11.4","","7.0","","74","","28","","7","","19.3","","99.30","","","","","","Cloudy"
"2012-05-01 14:00","2012","05","01","14:00","12.3","","7.4","","72","","29","","9","","19.3","","99.35","","","","","","Cloudy"
"2012-05-01 15:00","2012","05","01","15:00","13.1","","7.7","","70","","29","","11","","19.3","","99.39","","","","","","Cloudy"
"2012-05-01 16:00","2012","05","01","16:00","13.8","","8.2","","69","","25","","4","","19.3","","99.37","","","","","","Cloudy"
"2012-05-01 17:00","2012","05","01","17:00","13.6","","7.6","","67","","27","","6","","24.1","","99.40","","","","","","Mostly Cloudy"
"2012-05-01 18:00","2012","05","01","18:00","13.5","","7.3","","66","","23","","6","","24.1","","99.33","","","","","","Mostly Cloudy"
"2012-05-01 19:00","2012","05","01","19:00","12.5","","6.9","","69","","26","","6","","24.1","","99.32","","","","","","Mostly Cloudy"
"2012-05-01 20:00","2012","05","01","20:00","10.4","","6.8","","78","","35","","4","","24.1","","99.35","","","","","","Mostly Cloudy"
"2012-05-01 21:00","2012","05","01","21:00","8.9","","6.5","","85","","18","","4","","24.1","","99.41","","","","","","Mostly Cloudy"
"2012-05-01 22:00","2012","05","01","22:00","7.6","","6.1","","90","","36","","4","","24.1","","99.41","","","","","","Mostly Cloudy"
"2012-05-01 23:00","2012","05","01","23:00","7.0","","6.1","","94","","2","","4","","24.1","","99.40","","","","","","Mostly Cloudy"
"2012-05-02 00:00","2012","05","02","00:00","6.2","","5.4","","95","","36","","6","","11.3","","99.40","","","","","","Mostly Cloudy"
"2012-05-02 01:00","2012","05","02","01:00","5.8","","5.2","","96","","36","","6","","4.8","","99.34","","","","","","Fog"
"2012-05-02 02:00","2012","05","02","02:00","6.1","","5.4","","95","","","","0","","4.8","","99.33","","","","","","Fog"
"2012-05-02 03:00","2012","05","02","03:00","4.8","","4.3","","97","","","","0","","4.0","","99.32","","","","","","Fog"
"2012-05-02 04:00","2012","05","02","04:00","6.0","","5.8","","99","","9","","6","","0.2","","99.31","","","","","","Fog"
"2012-05-02 05:00","2012","05","02","05:00","6.7","","6.5","","99","","8","","6","","0.2","","99.34","","","","","","Fog"
"2012-05-02 06:00","2012","05","02","06:00","6.9","","6.9","","100","","7","","4","","0.2","","99.36","","","","","","Fog"
"2012-05-02 07:00","2012","05","02","07:00","7.9","","7.9","","100","","8","","6","","1.2","","99.39","","","","","","Fog"
"2012-05-02 08:00","2012","05","02","08:00","10.1","","9.2","","94","","10","","11","","6.4","","99.42","","","","","","Fog"
"2012-05-02 09:00","2012","05","02","09:00","12.8","","8.8","","77","","11","","19","","11.3","","99.36","","","","","","Mostly Cloudy"
"2012-05-02 10:00","2012","05","02","10:00","13.9","","9.3","","74","","12","","15","","16.1","","99.31","","","","","","Mostly Cloudy"
"2012-05-02 11:00","2012","05","02","11:00","13.5","","9.7","","78","","12","","22","","16.1","","99.31","","","","","","Mostly Cloudy"
"2012-05-02 12:00","2012","05","02","12:00","14.4","","9.8","","74","","12","","22","","19.3","","99.23","","","","","","Mainly Clear"
"2012-05-02 13:00","2012","05","02","13:00","14.1","","9.0","","71","","12","","24","","19.3","","99.22","","","","","","Mostly Cloudy"
"2012-05-02 14:00","2012","05","02","14:00","14.7","","9.7","","72","","13","","19","","19.3","","99.13","","","","","","Cloudy"
"2012-05-02 15:00","2012","05","02","15:00","14.1","","9.5","","74","","11","","20","","19.3","","99.02","","","","","","Cloudy"
"2012-05-02 16:00","2012","05","02","16:00","13.3","","9.2","","76","","14","","19","","19.3","","99.01","","","","","","Cloudy"
"2012-05-02 17:00","2012","05","02","17:00","12.5","","9.8","","84","","12","","19","","11.3","","98.87","","","","","","Rain Showers"
"2012-05-02 18:00","2012","05","02","18:00","12.1","","10.1","","88","","13","","9","","12.9","","98.95","","","","","","Mostly Cloudy"
"2012-05-02 19:00","2012","05","02","19:00","12.3","","10.5","","89","","8","","6","","16.1","","98.91","","","","","","Mainly Clear"
"2012-05-02 20:00","2012","05","02","20:00","11.8","","10.4","","91","","","","0","","16.1","","98.94","","","","","","Mainly Clear"
"2012-05-02 21:00","2012","05","02","21:00","11.2","","10.6","","96","","","","0","","16.1","","98.99","","","","","","Mainly Clear"
"2012-05-02 22:00","2012","05","02","22:00","10.8","","10.1","","95","","","","0","","19.3","","99.05","","","","","","Mainly Clear"
"2012-05-02 23:00","2012","05","02","23:00","9.9","","9.4","","97","","","","0","","24.1","","99.09","","","","","","Clear"
"2012-05-03 00:00","2012","05","03","00:00","9.3","","8.7","","96","","33","","6","","19.3","","99.13","","","","","","Clear"
"2012-05-03 01:00","2012","05","03","01:00","9.3","","9.0","","98","","","","0","","19.3","","99.15","","","","","","Clear"
"2012-05-03 02:00","2012","05","03","02:00","9.1","","8.6","","97","","","","0","","19.3","","99.16","","","","","","Clear"
"2012-05-03 03:00","2012","05","03","03:00","8.1","","7.9","","99","","","","0","","19.3","","99.15","","","","","","Clear"
"2012-05-03 04:00","2012","05","03","04:00","12.8","","12.4","","97","","35","","20","","12.9","","99.15","","","","","","Mostly Cloudy"
"2012-05-03 05:00","2012","05","03","05:00","13.2","","12.5","","96","","35","","7","","12.9","","99.23","","","","","","Cloudy"
"2012-05-03 06:00","2012","05","03","06:00","13.4","","12.5","","94","","34","","9","","9.7","","99.33","","","","","","Fog"
"2012-05-03 07:00","2012","05","03","07:00","13.8","","12.9","","94","","32","","4","","12.9","","99.40","","","","","","Cloudy"
"2012-05-03 08:00","2012","05","03","08:00","14.0","","12.7","","92","","","","0","","11.3","","99.45","","","","","","Cloudy"
"2012-05-03 09:00","2012","05","03","09:00","14.1","","12.4","","89","","18","","7","","9.7","","99.45","","","","","","Fog"
"2012-05-03 10:00","2012","05","03","10:00","14.6","","12.6","","88","","16","","6","","9.7","","99.45","","","","","","Fog"
"2012-05-03 11:00","2012","05","03","11:00","14.6","","12.9","","90","","","","0","","6.4","","99.56","","","","","","Thunderstorms,Rain Showers,Fog"
"2012-05-03 12:00","2012","05","03","12:00","15.9","","13.8","","87","","11","","9","","12.9","","99.30","","","","","","Mostly Cloudy"
"2012-05-03 13:00","2012","05","03","13:00","18.5","","15.0","","80","","15","","15","","16.1","","99.16","","","","","","Mostly Cloudy"
"2012-05-03 14:00","2012","05","03","14:00","20.0","","14.3","","70","","14","","17","","16.1","","99.14","","","","","","Mostly Cloudy"
"2012-05-03 15:00","2012","05","03","15:00","20.2","","14.3","","69","","11","","13","","19.3","","99.09","","","","","","Mainly Clear"
"2012-05-03 16:00","2012","05","03","16:00","19.5","","13.7","","69","","14","","15","","24.1","","99.02","","","","","","Mainly Clear"
"2012-05-03 17:00","2012","05","03","17:00","18.2","","13.6","","75","","12","","13","","24.1","","98.92","","","","","","Mostly Cloudy"
"2012-05-03 18:00","2012","05","03","18:00","15.5","","12.1","","80","","12","","17","","24.1","","98.83","","","","","","Mostly Cloudy"
"2012-05-03 19:00","2012","05","03","19:00","15.9","","13.3","","85","","","","0","","19.3","","98.99","","","","","","Thunderstorms,Rain Showers"
"2012-05-03 20:00","2012","05","03","20:00","15.5","","14.5","","94","","","","0","","6.4","","99.09","","","","","","Thunderstorms,Heavy Rain Showers,Fog"
"2012-05-03 21:00","2012","05","03","21:00","15.6","","15.0","","96","","2","","6","","4.0","","99.06","","","","","","Thunderstorms,Rain Showers,Fog"
"2012-05-03 22:00","2012","05","03","22:00","15.9","","15.2","","96","","14","","6","","2.8","","98.97","","","","","","Rain Showers,Fog"
"2012-05-03 23:00","2012","05","03","23:00","15.9","","15.2","","96","","22","","4","","3.2","","98.74","","","","","","Fog"
"2012-05-04 00:00","2012","05","04","00:00","15.8","","15.3","","97","","25","","7","","0.6","","98.85","","","","","","Fog"
"2012-05-04 01:00","2012","05","04","01:00","14.4","","14.2","","99","","19","","7","","0.4","","98.91","","","","","","Fog"
"2012-05-04 02:00","2012","05","04","02:00","13.7","","13.5","","99","","12","","4","","0.2","","98.88","","","","","","Fog"
"2012-05-04 03:00","2012","05","04","03:00","13.8","","13.5","","98","","18","","4","","0.2","","98.86","","","","","","Fog"
"2012-05-04 04:00","2012","05","04","04:00","13.9","","13.7","","99","","22","","4","","0.2","","98.89","","","","","","Fog"
"2012-05-04 05:00","2012","05","04","05:00","13.8","","13.5","","98","","27","","4","","4.8","","98.90","","","","","","Fog"
"2012-05-04 06:00","2012","05","04","06:00","15.6","","14.8","","95","","27","","7","","16.1","","98.94","","","","","","Mostly Cloudy"
"2012-05-04 07:00","2012","05","04","07:00","17.5","","15.5","","88","","25","","6","","24.1","","98.97","","","","","","Mainly Clear"
"2012-05-04 08:00","2012","05","04","08:00","19.4","","15.7","","79","","33","","13","","24.1","","98.96","","","","","","Mostly Cloudy"
"2012-05-04 09:00","2012","05","04","09:00","18.0","","15.0","","83","","36","","9","","24.1","","99.00","","","","","","Mostly Cloudy"
"2012-05-04 10:00","2012","05","04","10:00","17.2","","13.8","","80","","35","","19","","24.1","","99.07","","","","","","Mostly Cloudy"
"2012-05-04 11:00","2012","05","04","11:00","17.4","","14.0","","80","","31","","9","","24.1","","99.13","","","","","","Cloudy"
"2012-05-04 12:00","2012","05","04","12:00","18.5","","13.9","","75","","29","","7","","24.1","","99.13","","","","","","Mostly Cloudy"
"2012-05-04 13:00","2012","05","04","13:00","19.3","","13.7","","70","","34","","15","","24.1","","99.12","","","","","","Mostly Cloudy"
"2012-05-04 14:00","2012","05","04","14:00","20.9","","14.7","","68","","35","","7","","24.1","","99.11","","25","","","","Mostly Cloudy"
"2012-05-04 15:00","2012","05","04","15:00","20.9","","13.4","","62","","34","","22","","24.1","","99.12","","","","","","Mostly Cloudy"
"2012-05-04 16:00","2012","05","04","16:00","20.2","","12.5","","61","","35","","22","","24.1","","99.13","","","","","","Mostly Cloudy"
"2012-05-04 17:00","2012","05","04","17:00","19.6","","12.5","","64","","35","","19","","24.1","","99.10","","","","","","Mainly Clear"
"2012-05-04 18:00","2012","05","04","18:00","18.3","","12.2","","68","","34","","17","","24.1","","99.12","","","","","","Mostly Cloudy"
"2012-05-04 19:00","2012","05","04","19:00","16.3","","12.2","","77","","36","","17","","24.1","","99.15","","","","","","Mostly Cloudy"
"2012-05-04 20:00","2012","05","04","20:00","15.6","","12.0","","79","","34","","17","","24.1","","99.23","","","","","","Mostly Cloudy"
"2012-05-04 21:00","2012","05","04","21:00","14.9","","11.7","","81","","35","","17","","24.1","","99.25","","","","","","Mainly Clear"
"2012-05-04 22:00","2012","05","04","22:00","13.6","","9.9","","78","","1","","17","","24.1","","99.31","","","","","","Mainly Clear"
"2012-05-04 23:00","2012","05","04","23:00","12.5","","7.4","","71","","2","","15","","24.1","","99.34","","","","","","Mainly Clear"
"2012-05-05 00:00","2012","05","05","00:00","11.5","","6.5","","71","","2","","15","","24.1","","99.40","","","","","","Mainly Clear"
"2012-05-05 01:00","2012","05","05","01:00","10.5","","6.1","","74","","2","","13","","24.1","","99.41","","","","","","Mainly Clear"
"2012-05-05 02:00","2012","05","05","02:00","9.3","","5.9","","79","","2","","7","","24.1","","99.44","","","","","","Mainly Clear"
"2012-05-05 03:00","2012","05","05","03:00","8.6","","5.5","","81","","36","","7","","24.1","","99.48","","","","","","Clear"
"2012-05-05 04:00","2012","05","05","04:00","7.9","","4.9","","81","","2","","9","","24.1","","99.47","","","","","","Mainly Clear"
"2012-05-05 05:00","2012","05","05","05:00","7.1","","4.4","","83","","1","","9","","24.1","","99.51","","","","","","Mainly Clear"
"2012-05-05 06:00","2012","05","05","06:00","7.2","","4.0","","80","","2","","11","","24.1","","99.62","","","","","","Mainly Clear"
"2012-05-05 07:00","2012","05","05","07:00","8.4","","2.9","","68","","2","","15","","24.1","","99.70","","","","","","Mainly Clear"
"2012-05-05 08:00","2012","05","05","08:00","10.1","","3.4","","63","","3","","15","","24.1","","99.67","","","","","","Mainly Clear"
"2012-05-05 09:00","2012","05","05","09:00","12.1","","3.7","","56","","6","","9","","24.1","","99.68","","","","","","Mostly Cloudy"
"2012-05-05 10:00","2012","05","05","10:00","12.9","","3.7","","54","","5","","6","","24.1","","99.68","","","","","","Mostly Cloudy"
"2012-05-05 11:00","2012","05","05","11:00","14.0","","4.1","","51","","6","","6","","24.1","","99.71","","","","","","Mostly Cloudy"
"2012-05-05 12:00","2012","05","05","12:00","15.1","","2.9","","44","","3","","9","","24.1","","99.63","","","","","","Mostly Cloudy"
"2012-05-05 13:00","2012","05","05","13:00","16.6","","3.5","","42","","4","","17","","24.1","","99.60","","","","","","Mainly Clear"
"2012-05-05 14:00","2012","05","05","14:00","17.1","","3.0","","39","","11","","13","","24.1","","99.55","","","","","","Mainly Clear"
"2012-05-05 15:00","2012","05","05","15:00","16.3","","4.8","","46","","11","","13","","24.1","","99.50","","","","","","Mainly Clear"
"2012-05-05 16:00","2012","05","05","16:00","16.0","","4.1","","45","","13","","7","","24.1","","99.48","","","","","","Mostly Cloudy"
"2012-05-05 17:00","2012","05","05","17:00","15.4","","3.6","","45","","13","","11","","24.1","","99.55","","","","","","Mostly Cloudy"
"2012-05-05 18:00","2012","05","05","18:00","15.0","","3.5","","46","","11","","7","","24.1","","99.53","","","","","","Mainly Clear"
"2012-05-05 19:00","2012","05","05","19:00","14.6","","2.1","","43","","18","","7","","24.1","","99.54","","","","","","Mainly Clear"
"2012-05-05 20:00","2012","05","05","20:00","12.5","","1.5","","47","","13","","4","","24.1","","99.58","","","","","","Clear"
"2012-05-05 21:00","2012","05","05","21:00","11.1","","1.3","","51","","18","","4","","24.1","","99.64","","","","","","Clear"
"2012-05-05 22:00","2012","05","05","22:00","9.0","","3.6","","69","","","","0","","24.1","","99.68","","","","","","Clear"
"2012-05-05 23:00","2012","05","05","23:00","8.1","","4.5","","78","","36","","4","","24.1","","99.65","","","","","","Clear"
"2012-05-06 00:00","2012","05","06","00:00","7.6","","4.7","","82","","34","","7","","24.1","","99.64","","","","","","Clear"
"2012-05-06 01:00","2012","05","06","01:00","6.1","","4.2","","88","","","","0","","24.1","","99.60","","","","","","Clear"
"2012-05-06 02:00","2012","05","06","02:00","5.9","","2.7","","80","","","","0","","24.1","","99.59","","","","","","Clear"
"2012-05-06 03:00","2012","05","06","03:00","5.6","","2.5","","80","","34","","7","","24.1","","99.58","","","","","","Mainly Clear"
"2012-05-06 04:00","2012","05","06","04:00","5.1","","2.8","","85","","35","","6","","24.1","","99.60","","","","","","Mainly Clear"
"2012-05-06 05:00","2012","05","06","05:00","4.4","","1.6","","82","","34","","6","","24.1","","99.61","","","","","","Mainly Clear"
"2012-05-06 06:00","2012","05","06","06:00","6.5","","2.9","","78","","","","0","","24.1","","99.65","","","","","","Mainly Clear"
"2012-05-06 07:00","2012","05","06","07:00","11.1","","-0.1","","46","","3","","6","","24.1","","99.70","","","","","","Mainly Clear"
"2012-05-06 08:00","2012","05","06","08:00","14.4","","-0.3","","36","","4","","7","","24.1","","99.74","","","","","","Clear"
"2012-05-06 09:00","2012","05","06","09:00","16.0","","-0.3","","33","","4","","13","","24.1","","99.74","","","","","","Mainly Clear"
"2012-05-06 10:00","2012","05","06","10:00","17.2","","-0.1","","31","","9","","7","","24.1","","99.74","","","","","","Mainly Clear"
"2012-05-06 11:00","2012","05","06","11:00","18.0","","0.5","","31","","6","","7","","24.1","","99.72","","","","","","Mainly Clear"
"2012-05-06 12:00","2012","05","06","12:00","18.8","","0.7","","30","","4","","11","","24.1","","99.71","","","","","","Mainly Clear"
"2012-05-06 13:00","2012","05","06","13:00","18.1","","1.9","","34","","15","","17","","24.1","","99.66","","","","","","Mainly Clear"
"2012-05-06 14:00","2012","05","06","14:00","18.5","","1.4","","32","","13","","7","","24.1","","99.60","","","","","","Mainly Clear"
"2012-05-06 15:00","2012","05","06","15:00","18.1","","1.4","","33","","13","","15","","24.1","","99.60","","","","","","Mainly Clear"
"2012-05-06 16:00","2012","05","06","16:00","18.2","","2.2","","34","","15","","9","","24.1","","99.59","","","","","","Mainly Clear"
"2012-05-06 17:00","2012","05","06","17:00","16.9","","0.7","","33","","18","","13","","24.1","","99.65","","","","","","Mostly Cloudy"
"2012-05-06 18:00","2012","05","06","18:00","16.0","","-0.7","","32","","16","","9","","24.1","","99.57","","","","","","Mostly Cloudy"
"2012-05-06 19:00","2012","05","06","19:00","14.9","","-1.1","","33","","13","","7","","24.1","","99.55","","","","","","Mostly Cloudy"
"2012-05-06 20:00","2012","05","06","20:00","13.9","","-0.5","","37","","12","","9","","24.1","","99.46","","","","","","Mostly Cloudy"
"2012-05-06 21:00","2012","05","06","21:00","13.4","","-0.3","","39","","5","","4","","24.1","","99.56","","","","","","Mostly Cloudy"
"2012-05-06 22:00","2012","05","06","22:00","12.9","","0.6","","43","","11","","7","","24.1","","99.54","","","","","","Cloudy"
"2012-05-06 23:00","2012","05","06","23:00","12.6","","1.7","","47","","7","","4","","24.1","","99.57","","","","","","Cloudy"
"2012-05-07 00:00","2012","05","07","00:00","12.3","","2.3","","50","","","","0","","24.1","","99.57","","","","","","Cloudy"
"2012-05-07 01:00","2012","05","07","01:00","12.0","","3.0","","54","","2","","4","","24.1","","99.48","","","","","","Cloudy"
"2012-05-07 02:00","2012","05","07","02:00","12.2","","3.7","","56","","1","","6","","24.1","","99.45","","","","","","Cloudy"
"2012-05-07 03:00","2012","05","07","03:00","12.1","","1.7","","49","","6","","6","","24.1","","99.41","","","","","","Cloudy"
"2012-05-07 04:00","2012","05","07","04:00","13.1","","0.2","","41","","9","","7","","24.1","","99.36","","","","","","Mostly Cloudy"
"2012-05-07 05:00","2012","05","07","05:00","12.7","","0.7","","44","","9","","7","","24.1","","99.33","","","","","","Mostly Cloudy"
"2012-05-07 06:00","2012","05","07","06:00","13.0","","1.4","","45","","10","","11","","24.1","","99.30","","","","","","Mostly Cloudy"
"2012-05-07 07:00","2012","05","07","07:00","13.7","","1.7","","44","","10","","11","","24.1","","99.33","","","","","","Mostly Cloudy"
"2012-05-07 08:00","2012","05","07","08:00","14.5","","1.7","","42","","9","","20","","24.1","","99.32","","","","","","Mostly Cloudy"
"2012-05-07 09:00","2012","05","07","09:00","13.9","","2.5","","46","","9","","19","","24.1","","99.30","","","","","","Mostly Cloudy"
"2012-05-07 10:00","2012","05","07","10:00","14.9","","2.9","","44","","10","","20","","24.1","","99.25","","","","","","Mostly Cloudy"
"2012-05-07 11:00","2012","05","07","11:00","15.6","","3.9","","46","","10","","20","","24.1","","99.17","","","","","","Cloudy"
"2012-05-07 12:00","2012","05","07","12:00","16.3","","1.9","","38","","10","","22","","24.1","","99.13","","","","","","Cloudy"
"2012-05-07 13:00","2012","05","07","13:00","15.5","","2.1","","40","","11","","22","","24.1","","99.09","","","","","","Cloudy"
"2012-05-07 14:00","2012","05","07","14:00","13.5","","2.3","","47","","11","","24","","24.1","","99.08","","","","","","Cloudy"
"2012-05-07 15:00","2012","05","07","15:00","14.9","","4.5","","50","","10","","19","","24.1","","98.94","","","","","","Cloudy"
"2012-05-07 16:00","2012","05","07","16:00","15.2","","5.7","","53","","12","","13","","24.1","","98.88","","","","","","Cloudy"
"2012-05-07 17:00","2012","05","07","17:00","14.4","","6.9","","61","","14","","17","","24.1","","98.84","","","","","","Cloudy"
"2012-05-07 18:00","2012","05","07","18:00","13.3","","6.6","","64","","10","","11","","24.1","","98.75","","","","","","Mostly Cloudy"
"2012-05-07 19:00","2012","05","07","19:00","13.0","","7.2","","68","","8","","6","","24.1","","98.70","","","","","","Cloudy"
"2012-05-07 20:00","2012","05","07","20:00","13.1","","7.5","","69","","10","","6","","24.1","","98.64","","","","","","Cloudy"
"2012-05-07 21:00","2012","05","07","21:00","12.8","","9.2","","79","","11","","7","","24.1","","98.64","","","","","","Cloudy"
"2012-05-07 22:00","2012","05","07","22:00","12.8","","10.4","","85","","5","","6","","19.3","","98.59","","","","","","Cloudy"
"2012-05-07 23:00","2012","05","07","23:00","12.8","","11.5","","92","","12","","6","","4.0","","98.52","","","","","","Rain,Fog"
"2012-05-08 00:00","2012","05","08","00:00","13.0","","12.3","","96","","","","0","","0.8","","98.47","","","","","","Rain,Fog"
"2012-05-08 01:00","2012","05","08","01:00","12.9","","12.3","","96","","36","","4","","2.4","","98.40","","","","","","Rain,Fog"
"2012-05-08 02:00","2012","05","08","02:00","13.1","","12.6","","97","","34","","4","","2.8","","98.34","","","","","","Rain,Fog"
"2012-05-08 03:00","2012","05","08","03:00","13.2","","12.7","","97","","34","","7","","3.6","","98.33","","","","","","Rain,Fog"
"2012-05-08 04:00","2012","05","08","04:00","13.1","","12.5","","96","","35","","9","","4.0","","98.30","","","","","","Rain,Fog"
"2012-05-08 05:00","2012","05","08","05:00","12.8","","12.1","","96","","33","","7","","3.2","","98.30","","","","","","Rain,Fog"
"2012-05-08 06:00","2012","05","08","06:00","12.9","","12.4","","97","","","","0","","4.0","","98.31","","","","","","Rain,Fog"
"2012-05-08 07:00","2012","05","08","07:00","13.6","","12.8","","95","","","","0","","16.1","","98.28","","","","","","Cloudy"
"2012-05-08 08:00","2012","05","08","08:00","14.3","","13.1","","92","","31","","7","","16.1","","98.34","","","","","","Cloudy"
"2012-05-08 09:00","2012","05","08","09:00","14.4","","12.8","","90","","32","","9","","19.3","","98.32","","","","","","Cloudy"
"2012-05-08 10:00","2012","05","08","10:00","14.4","","12.4","","88","","33","","9","","19.3","","98.35","","","","","","Cloudy"
"2012-05-08 11:00","2012","05","08","11:00","15.2","","12.4","","83","","30","","9","","16.1","","98.38","","","","","","Cloudy"
"2012-05-08 12:00","2012","05","08","12:00","15.6","","12.5","","82","","33","","17","","19.3","","98.37","","","","","","Cloudy"
"2012-05-08 13:00","2012","05","08","13:00","15.4","","12.1","","81","","30","","11","","19.3","","98.39","","","","","","Cloudy"
"2012-05-08 14:00","2012","05","08","14:00","15.0","","11.8","","81","","31","","13","","19.3","","98.41","","","","","","Cloudy"
"2012-05-08 15:00","2012","05","08","15:00","15.1","","11.4","","79","","33","","11","","19.3","","98.39","","","","","","Cloudy"
"2012-05-08 16:00","2012","05","08","16:00","15.6","","11.3","","76","","32","","15","","19.3","","98.38","","","","","","Cloudy"
"2012-05-08 17:00","2012","05","08","17:00","15.7","","10.5","","71","","33","","11","","19.3","","98.40","","","","","","Cloudy"
"2012-05-08 18:00","2012","05","08","18:00","16.0","","11.0","","72","","32","","6","","19.3","","98.45","","","","","","Cloudy"
"2012-05-08 19:00","2012","05","08","19:00","15.7","","11.1","","74","","28","","6","","19.3","","98.46","","","","","","Mostly Cloudy"
"2012-05-08 20:00","2012","05","08","20:00","15.5","","11.4","","77","","29","","4","","19.3","","98.46","","","","","","Mostly Cloudy"
"2012-05-08 21:00","2012","05","08","21:00","13.5","","11.0","","85","","17","","4","","24.1","","98.45","","","","","","Mostly Cloudy"
"2012-05-08 22:00","2012","05","08","22:00","13.4","","10.9","","85","","","","0","","24.1","","98.45","","","","","","Mostly Cloudy"
"2012-05-08 23:00","2012","05","08","23:00","11.5","","10.4","","93","","25","","4","","24.1","","98.46","","","","","","Mostly Cloudy"
"2012-05-09 00:00","2012","05","09","00:00","12.8","","10.2","","84","","22","","6","","24.1","","98.46","","","","","","Mostly Cloudy"
"2012-05-09 01:00","2012","05","09","01:00","12.1","","10.5","","90","","30","","4","","19.3","","98.42","","","","","","Cloudy"
"2012-05-09 02:00","2012","05","09","02:00","11.7","","10.3","","91","","","","0","","19.3","","98.36","","","","","","Cloudy"
"2012-05-09 03:00","2012","05","09","03:00","11.6","","10.4","","92","","18","","4","","19.3","","98.31","","","","","","Cloudy"
"2012-05-09 04:00","2012","05","09","04:00","11.9","","10.3","","90","","","","0","","24.1","","98.29","","","","","","Mostly Cloudy"
"2012-05-09 05:00","2012","05","09","05:00","11.0","","9.7","","92","","","","0","","19.3","","98.29","","","","","","Mostly Cloudy"
"2012-05-09 06:00","2012","05","09","06:00","11.4","","9.9","","90","","28","","4","","19.3","","98.32","","","","","","Mainly Clear"
"2012-05-09 07:00","2012","05","09","07:00","13.5","","10.0","","79","","27","","11","","24.1","","98.35","","","","","","Mainly Clear"
"2012-05-09 08:00","2012","05","09","08:00","14.3","","9.4","","72","","31","","9","","24.1","","98.33","","","","","","Mainly Clear"
"2012-05-09 09:00","2012","05","09","09:00","16.4","","9.1","","62","","30","","11","","24.1","","98.29","","","","","","Mainly Clear"
"2012-05-09 10:00","2012","05","09","10:00","18.3","","8.3","","52","","29","","11","","24.1","","98.26","","","","","","Mainly Clear"
"2012-05-09 11:00","2012","05","09","11:00","19.5","","8.1","","48","","27","","20","","24.1","","98.22","","","","","","Mostly Cloudy"
"2012-05-09 12:00","2012","05","09","12:00","19.7","","6.1","","41","","23","","13","","24.1","","98.12","","","","","","Mostly Cloudy"
"2012-05-09 13:00","2012","05","09","13:00","13.0","","8.7","","75","","32","","22","","16.1","","98.15","","","","","","Rain Showers"
"2012-05-09 14:00","2012","05","09","14:00","12.9","","10.6","","86","","34","","7","","12.9","","98.22","","","","","","Rain Showers"
"2012-05-09 15:00","2012","05","09","15:00","11.8","","9.7","","87","","34","","9","","24.1","","98.16","","","","","","Cloudy"
"2012-05-09 16:00","2012","05","09","16:00","11.5","","9.8","","89","","33","","11","","24.1","","98.18","","","","","","Mostly Cloudy"
"2012-05-09 17:00","2012","05","09","17:00","12.3","","9.9","","85","","33","","13","","24.1","","98.18","","","","","","Cloudy"
"2012-05-09 18:00","2012","05","09","18:00","10.4","","8.4","","87","","31","","22","","16.1","","98.24","","","","","","Rain Showers"
"2012-05-09 19:00","2012","05","09","19:00","9.5","","6.9","","84","","31","","22","","19.3","","98.27","","","","","","Mostly Cloudy"
"2012-05-09 20:00","2012","05","09","20:00","8.9","","6.3","","84","","31","","13","","24.1","","98.26","","","","","","Mostly Cloudy"
"2012-05-09 21:00","2012","05","09","21:00","8.8","","6.0","","83","","32","","17","","24.1","","98.33","","","","","","Mostly Cloudy"
"2012-05-09 22:00","2012","05","09","22:00","8.6","","5.9","","83","","32","","15","","24.1","","98.33","","","","","","Mostly Cloudy"
"2012-05-09 23:00","2012","05","09","23:00","8.4","","5.2","","80","","31","","22","","24.1","","98.32","","","","","","Mainly Clear"
"2012-05-10 00:00","2012","05","10","00:00","8.1","","4.3","","77","","31","","19","","24.1","","98.29","","","","","","Mainly Clear"
"2012-05-10 01:00","2012","05","10","01:00","7.9","","4.0","","76","","31","","20","","24.1","","98.28","","","","","","Mostly Cloudy"
"2012-05-10 02:00","2012","05","10","02:00","7.5","","3.2","","74","","32","","22","","24.1","","98.28","","","","","","Mostly Cloudy"
"2012-05-10 03:00","2012","05","10","03:00","6.9","","3.0","","76","","31","","20","","24.1","","98.30","","","","","","Mainly Clear"
"2012-05-10 04:00","2012","05","10","04:00","6.8","","2.9","","76","","32","","17","","24.1","","98.30","","","","","","Mainly Clear"
"2012-05-10 05:00","2012","05","10","05:00","6.9","","3.2","","77","","31","","20","","24.1","","98.34","","","","","","Mostly Cloudy"
"2012-05-10 06:00","2012","05","10","06:00","7.2","","2.9","","74","","32","","17","","24.1","","98.40","","","","","","Mostly Cloudy"
"2012-05-10 07:00","2012","05","10","07:00","7.9","","2.6","","69","","33","","15","","24.1","","98.43","","","","","","Mostly Cloudy"
"2012-05-10 08:00","2012","05","10","08:00","9.3","","2.7","","63","","31","","17","","24.1","","98.47","","","","","","Mostly Cloudy"
"2012-05-10 09:00","2012","05","10","09:00","10.2","","2.8","","60","","32","","22","","24.1","","98.47","","","","","","Mostly Cloudy"
"2012-05-10 10:00","2012","05","10","10:00","11.1","","1.6","","52","","33","","22","","24.1","","98.47","","","","","","Mostly Cloudy"
"2012-05-10 11:00","2012","05","10","11:00","12.9","","1.8","","47","","31","","30","","24.1","","98.46","","","","","","Mostly Cloudy"
"2012-05-10 12:00","2012","05","10","12:00","13.3","","-0.5","","39","","32","","32","","24.1","","98.44","","","","","","Mostly Cloudy"
"2012-05-10 13:00","2012","05","10","13:00","14.1","","0.3","","39","","32","","37","","24.1","","98.43","","","","","","Mostly Cloudy"
"2012-05-10 14:00","2012","05","10","14:00","13.9","","0.0","","38","","31","","35","","24.1","","98.46","","","","","","Mostly Cloudy"
"2012-05-10 15:00","2012","05","10","15:00","14.2","","-0.5","","36","","31","","39","","24.1","","98.49","","","","","","Mostly Cloudy"
"2012-05-10 16:00","2012","05","10","16:00","13.8","","-2.5","","32","","31","","39","","24.1","","98.51","","","","","","Mostly Cloudy"
"2012-05-10 17:00","2012","05","10","17:00","14.3","","-3.0","","30","","31","","33","","24.1","","98.54","","","","","","Mainly Clear"
"2012-05-10 18:00","2012","05","10","18:00","14.2","","-3.7","","29","","32","","28","","24.1","","98.60","","","","","","Mainly Clear"
"2012-05-10 19:00","2012","05","10","19:00","13.6","","-3.2","","31","","32","","22","","24.1","","98.65","","","","","","Clear"
"2012-05-10 20:00","2012","05","10","20:00","12.5","","-2.2","","36","","28","","11","","24.1","","98.71","","","","","","Clear"
"2012-05-10 21:00","2012","05","10","21:00","11.4","","-1.2","","42","","28","","13","","24.1","","98.81","","","","","","Mainly Clear"
"2012-05-10 22:00","2012","05","10","22:00","10.0","","-0.4","","48","","28","","11","","24.1","","98.84","","","","","","Clear"
"2012-05-10 23:00","2012","05","10","23:00","10.0","","0.1","","50","","30","","11","","24.1","","98.87","","","","","","Mainly Clear"
"2012-05-11 00:00","2012","05","11","00:00","9.5","","0.5","","53","","30","","11","","24.1","","98.91","","","","","","Mainly Clear"
"2012-05-11 01:00","2012","05","11","01:00","9.2","","0.5","","54","","31","","11","","24.1","","98.95","","","","","","Mainly Clear"
"2012-05-11 02:00","2012","05","11","02:00","8.4","","0.5","","57","","30","","11","","24.1","","99.02","","","","","","Mainly Clear"
"2012-05-11 03:00","2012","05","11","03:00","8.2","","0.5","","58","","30","","9","","24.1","","99.06","","","","","","Mainly Clear"
"2012-05-11 04:00","2012","05","11","04:00","7.2","","0.5","","62","","30","","9","","24.1","","99.12","","","","","","Clear"
"2012-05-11 05:00","2012","05","11","05:00","6.8","","0.7","","65","","32","","9","","24.1","","99.19","","","","","","Clear"
"2012-05-11 06:00","2012","05","11","06:00","7.7","","1.2","","63","","31","","7","","24.1","","99.26","","","","","","Clear"
"2012-05-11 07:00","2012","05","11","07:00","10.7","","1.3","","52","","33","","13","","24.1","","99.34","","","","","","Clear"
"2012-05-11 08:00","2012","05","11","08:00","12.8","","1.1","","45","","32","","13","","24.1","","99.39","","","","","","Clear"
"2012-05-11 09:00","2012","05","11","09:00","14.5","","0.8","","39","","33","","9","","24.1","","99.44","","","","","","Clear"
"2012-05-11 10:00","2012","05","11","10:00","16.0","","0.9","","36","","31","","17","","24.1","","99.46","","","","","","Clear"
"2012-05-11 11:00","2012","05","11","11:00","17.8","","3.3","","38","","33","","15","","24.1","","99.44","","","","","","Mainly Clear"
"2012-05-11 12:00","2012","05","11","12:00","18.8","","1.6","","32","","32","","22","","24.1","","99.42","","","","","","Mainly Clear"
"2012-05-11 13:00","2012","05","11","13:00","19.8","","0.4","","27","","34","","30","","24.1","","99.38","","","","","","Mainly Clear"
"2012-05-11 14:00","2012","05","11","14:00","20.0","","1.3","","29","","34","","22","","24.1","","99.38","","","","","","Clear"
"2012-05-11 15:00","2012","05","11","15:00","20.5","","0.8","","27","","35","","20","","24.1","","99.36","","","","","","Clear"
"2012-05-11 16:00","2012","05","11","16:00","20.5","","0.9","","27","","32","","17","","24.1","","99.36","","","","","","Clear"
"2012-05-11 17:00","2012","05","11","17:00","20.5","","1.3","","28","","31","","17","","24.1","","99.38","","","","","","Clear"
"2012-05-11 18:00","2012","05","11","18:00","19.9","","0.6","","27","","33","","11","","24.1","","99.41","","","","","","Clear"
"2012-05-11 19:00","2012","05","11","19:00","18.8","","0.9","","30","","34","","13","","24.1","","99.46","","","","","","Clear"
"2012-05-11 20:00","2012","05","11","20:00","15.6","","1.2","","38","","31","","4","","24.1","","99.53","","","","","","Clear"
"2012-05-11 21:00","2012","05","11","21:00","13.5","","1.1","","43","","32","","4","","24.1","","99.59","","","","","","Clear"
"2012-05-11 22:00","2012","05","11","22:00","11.4","","2.8","","55","","33","","4","","24.1","","99.61","","","","","","Clear"
"2012-05-11 23:00","2012","05","11","23:00","10.4","","3.7","","63","","27","","4","","24.1","","99.63","","","","","","Clear"
"2012-05-12 00:00","2012","05","12","00:00","10.0","","3.0","","62","","","","0","","24.1","","99.66","","","","","","Clear"
"2012-05-12 01:00","2012","05","12","01:00","10.0","","2.9","","61","","","","0","","24.1","","99.67","","","","","","Clear"
"2012-05-12 02:00","2012","05","12","02:00","8.5","","4.6","","76","","","","0","","24.1","","99.64","","","","","","Clear"
"2012-05-12 03:00","2012","05","12","03:00","8.0","","4.1","","76","","","","0","","24.1","","99.64","","","","","","Clear"
"2012-05-12 04:00","2012","05","12","04:00","7.3","","4.6","","83","","","","0","","24.1","","99.64","","","","","","Clear"
"2012-05-12 05:00","2012","05","12","05:00","6.7","","4.0","","83","","","","0","","24.1","","99.68","","","","","","Clear"
"2012-05-12 06:00","2012","05","12","06:00","8.4","","5.4","","81","","","","0","","24.1","","99.74","","","","","","Mainly Clear"
"2012-05-12 07:00","2012","05","12","07:00","14.4","","5.8","","56","","23","","7","","24.1","","99.78","","","","","","Mainly Clear"
"2012-05-12 08:00","2012","05","12","08:00","17.6","","6.2","","47","","22","","7","","24.1","","99.77","","","","","","Mainly Clear"
"2012-05-12 09:00","2012","05","12","09:00","21.2","","5.7","","36","","23","","19","","24.1","","99.71","","","","","","Mainly Clear"
"2012-05-12 10:00","2012","05","12","10:00","23.0","","5.0","","31","","24","","15","","24.1","","99.70","","","","","","Mostly Cloudy"
"2012-05-12 11:00","2012","05","12","11:00","23.2","","5.3","","31","","23","","11","","24.1","","99.73","","","","","","Cloudy"
"2012-05-12 12:00","2012","05","12","12:00","24.0","","6.1","","32","","23","","13","","24.1","","99.68","","","","","","Cloudy"
"2012-05-12 13:00","2012","05","12","13:00","24.3","","6.9","","33","","23","","19","","24.1","","99.63","","","","","","Cloudy"
"2012-05-12 14:00","2012","05","12","14:00","26.3","","8.8","","33","","23","","20","","24.1","","99.58","","27","","","","Mostly Cloudy"
"2012-05-12 15:00","2012","05","12","15:00","25.7","","8.4","","33","","27","","19","","24.1","","99.55","","26","","","","Cloudy"
"2012-05-12 16:00","2012","05","12","16:00","24.8","","10.5","","41","","27","","22","","24.1","","99.55","","26","","","","Cloudy"
"2012-05-12 17:00","2012","05","12","17:00","24.0","","11.0","","44","","30","","15","","24.1","","99.59","","26","","","","Cloudy"
"2012-05-12 18:00","2012","05","12","18:00","21.8","","10.5","","49","","32","","17","","24.1","","99.64","","","","","","Cloudy"
"2012-05-12 19:00","2012","05","12","19:00","20.5","","10.1","","51","","29","","15","","24.1","","99.69","","","","","","Cloudy"
"2012-05-12 20:00","2012","05","12","20:00","19.2","","10.5","","57","","29","","9","","24.1","","99.73","","","","","","Cloudy"
"2012-05-12 21:00","2012","05","12","21:00","17.9","","10.1","","60","","28","","9","","24.1","","99.77","","","","","","Cloudy"
"2012-05-12 22:00","2012","05","12","22:00","16.9","","10.2","","65","","27","","7","","24.1","","99.77","","","","","","Cloudy"
"2012-05-12 23:00","2012","05","12","23:00","16.1","","6.5","","53","","30","","9","","24.1","","99.78","","","","","","Cloudy"
"2012-05-13 00:00","2012","05","13","00:00","15.1","","7.2","","59","","31","","11","","24.1","","99.80","","","","","","Cloudy"
"2012-05-13 01:00","2012","05","13","01:00","14.2","","7.9","","66","","32","","13","","24.1","","99.78","","","","","","Cloudy"
"2012-05-13 02:00","2012","05","13","02:00","13.2","","7.9","","70","","31","","15","","19.3","","99.78","","","","","","Rain Showers"
"2012-05-13 03:00","2012","05","13","03:00","11.4","","9.4","","87","","31","","9","","19.3","","99.80","","","","","","Rain Showers"
"2012-05-13 04:00","2012","05","13","04:00","11.4","","8.9","","85","","31","","9","","24.1","","99.84","","","","","","Rain Showers"
"2012-05-13 05:00","2012","05","13","05:00","10.7","","9.0","","89","","","","0","","24.1","","99.85","","","","","","Rain Showers"
"2012-05-13 06:00","2012","05","13","06:00","11.3","","9.4","","88","","","","0","","24.1","","99.92","","","","","","Cloudy"
"2012-05-13 07:00","2012","05","13","07:00","11.9","","9.6","","86","","35","","7","","24.1","","99.93","","","","","","Rain"
"2012-05-13 08:00","2012","05","13","08:00","13.1","","9.3","","78","","4","","4","","24.1","","99.95","","","","","","Mostly Cloudy"
"2012-05-13 09:00","2012","05","13","09:00","14.5","","9.4","","71","","","","0","","24.1","","99.95","","","","","","Mostly Cloudy"
"2012-05-13 10:00","2012","05","13","10:00","16.3","","10.9","","70","","","","0","","24.1","","99.93","","","","","","Mostly Cloudy"
"2012-05-13 11:00","2012","05","13","11:00","17.5","","11.4","","67","","23","","4","","24.1","","99.89","","","","","","Mostly Cloudy"
"2012-05-13 12:00","2012","05","13","12:00","18.5","","11.4","","63","","29","","4","","24.1","","99.84","","","","","","Mostly Cloudy"
"2012-05-13 13:00","2012","05","13","13:00","19.1","","11.1","","60","","19","","6","","24.1","","99.80","","","","","","Mostly Cloudy"
"2012-05-13 14:00","2012","05","13","14:00","19.6","","9.5","","52","","","","0","","24.1","","99.74","","","","","","Mostly Cloudy"
"2012-05-13 15:00","2012","05","13","15:00","19.2","","11.3","","60","","18","","9","","24.1","","99.70","","","","","","Mostly Cloudy"
"2012-05-13 16:00","2012","05","13","16:00","19.5","","10.9","","58","","15","","15","","24.1","","99.66","","","","","","Mainly Clear"
"2012-05-13 17:00","2012","05","13","17:00","19.1","","10.0","","56","","12","","9","","24.1","","99.62","","","","","","Mainly Clear"
"2012-05-13 18:00","2012","05","13","18:00","18.3","","9.4","","56","","14","","11","","24.1","","99.61","","","","","","Mainly Clear"
"2012-05-13 19:00","2012","05","13","19:00","16.9","","8.8","","59","","15","","9","","24.1","","99.61","","","","","","Mostly Cloudy"
"2012-05-13 20:00","2012","05","13","20:00","14.7","","9.7","","72","","8","","7","","24.1","","99.62","","","","","","Mainly Clear"
"2012-05-13 21:00","2012","05","13","21:00","13.3","","9.3","","77","","10","","4","","24.1","","99.65","","","","","","Mainly Clear"
"2012-05-13 22:00","2012","05","13","22:00","12.1","","9.3","","83","","","","0","","24.1","","99.64","","","","","","Mainly Clear"
"2012-05-13 23:00","2012","05","13","23:00","11.3","","9.4","","88","","","","0","","24.1","","99.65","","","","","","Mainly Clear"
"2012-05-14 00:00","2012","05","14","00:00","10.9","","9.1","","89","","36","","4","","24.1","","99.60","","","","","","Mainly Clear"
"2012-05-14 01:00","2012","05","14","01:00","10.1","","8.6","","90","","35","","4","","24.1","","99.54","","","","","","Mainly Clear"
"2012-05-14 02:00","2012","05","14","02:00","9.6","","8.3","","92","","","","0","","24.1","","99.51","","","","","","Mainly Clear"
"2012-05-14 03:00","2012","05","14","03:00","9.0","","7.9","","93","","34","","6","","24.1","","99.51","","","","","","Mainly Clear"
"2012-05-14 04:00","2012","05","14","04:00","10.0","","8.5","","90","","34","","7","","16.1","","99.50","","","","","","Mainly Clear"
"2012-05-14 05:00","2012","05","14","05:00","9.5","","8.0","","90","","33","","4","","11.3","","99.51","","","","","","Mostly Cloudy"
"2012-05-14 06:00","2012","05","14","06:00","10.9","","9.0","","88","","","","0","","12.9","","99.55","","","","","","Mostly Cloudy"
"2012-05-14 07:00","2012","05","14","07:00","14.2","","10.0","","76","","","","0","","12.9","","99.57","","","","","","Mainly Clear"
"2012-05-14 08:00","2012","05","14","08:00","15.5","","11.0","","75","","10","","4","","19.3","","99.59","","","","","","Mainly Clear"
"2012-05-14 09:00","2012","05","14","09:00","17.2","","11.1","","67","","17","","6","","19.3","","99.58","","","","","","Mainly Clear"
"2012-05-14 10:00","2012","05","14","10:00","18.3","","11.6","","65","","7","","6","","24.1","","99.54","","","","","","Mainly Clear"
"2012-05-14 11:00","2012","05","14","11:00","19.7","","11.1","","58","","12","","11","","24.1","","99.52","","","","","","Mainly Clear"
"2012-05-14 12:00","2012","05","14","12:00","20.3","","11.3","","56","","18","","6","","24.1","","99.45","","","","","","Mainly Clear"
"2012-05-14 13:00","2012","05","14","13:00","20.8","","10.3","","51","","18","","7","","24.1","","99.40","","","","","","Mainly Clear"
"2012-05-14 14:00","2012","05","14","14:00","21.2","","9.6","","47","","17","","13","","24.1","","99.33","","","","","","Mainly Clear"
"2012-05-14 15:00","2012","05","14","15:00","21.7","","9.6","","46","","17","","9","","24.1","","99.29","","","","","","Mainly Clear"
"2012-05-14 16:00","2012","05","14","16:00","21.9","","9.1","","44","","14","","17","","24.1","","99.23","","","","","","Mainly Clear"
"2012-05-14 17:00","2012","05","14","17:00","21.5","","9.7","","47","","13","","11","","24.1","","99.22","","","","","","Mainly Clear"
"2012-05-14 18:00","2012","05","14","18:00","21.0","","9.0","","46","","19","","13","","24.1","","99.20","","","","","","Mainly Clear"
"2012-05-14 19:00","2012","05","14","19:00","19.4","","8.7","","50","","15","","11","","24.1","","99.23","","","","","","Mainly Clear"
"2012-05-14 20:00","2012","05","14","20:00","17.8","","8.6","","55","","20","","4","","24.1","","99.26","","","","","","Mainly Clear"
"2012-05-14 21:00","2012","05","14","21:00","15.3","","7.5","","60","","10","","6","","24.1","","99.31","","","","","","Clear"
"2012-05-14 22:00","2012","05","14","22:00","13.0","","8.8","","76","","36","","4","","24.1","","99.33","","","","","","Clear"
"2012-05-14 23:00","2012","05","14","23:00","12.8","","8.3","","74","","34","","4","","24.1","","99.29","","","","","","Clear"
"2012-05-15 00:00","2012","05","15","00:00","11.4","","8.2","","81","","35","","4","","24.1","","99.26","","","","","","Clear"
"2012-05-15 01:00","2012","05","15","01:00","10.2","","8.0","","86","","33","","4","","24.1","","99.23","","","","","","Clear"
"2012-05-15 02:00","2012","05","15","02:00","10.2","","7.9","","86","","34","","4","","24.1","","99.21","","","","","","Clear"
"2012-05-15 03:00","2012","05","15","03:00","9.3","","7.4","","88","","","","0","","24.1","","99.15","","","","","","Clear"
"2012-05-15 04:00","2012","05","15","04:00","8.1","","6.9","","92","","","","0","","24.1","","99.15","","","","","","Clear"
"2012-05-15 05:00","2012","05","15","05:00","7.9","","6.6","","91","","","","0","","24.1","","99.17","","","","","","Mainly Clear"
"2012-05-15 06:00","2012","05","15","06:00","10.4","","8.1","","86","","35","","4","","24.1","","99.16","","","","","","Mainly Clear"
"2012-05-15 07:00","2012","05","15","07:00","14.6","","9.8","","73","","","","0","","24.1","","99.17","","","","","","Clear"
"2012-05-15 08:00","2012","05","15","08:00","17.0","","10.4","","65","","13","","4","","24.1","","99.18","","","","","","Clear"
"2012-05-15 09:00","2012","05","15","09:00","19.4","","9.5","","53","","17","","6","","24.1","","99.16","","","","","","Clear"
"2012-05-15 10:00","2012","05","15","10:00","21.9","","8.1","","41","","19","","9","","24.1","","99.15","","","","","","Clear"
"2012-05-15 11:00","2012","05","15","11:00","22.8","","5.7","","33","","23","","11","","24.1","","99.11","","","","","","Clear"
"2012-05-15 12:00","2012","05","15","12:00","23.6","","7.7","","36","","26","","9","","24.1","","99.03","","","","","","Clear"
"2012-05-15 13:00","2012","05","15","13:00","23.6","","7.0","","34","","17","","7","","24.1","","98.99","","","","","","Clear"
"2012-05-15 14:00","2012","05","15","14:00","24.1","","6.3","","32","","18","","19","","24.1","","98.91","","","","","","Clear"
"2012-05-15 15:00","2012","05","15","15:00","23.9","","5.5","","30","","19","","19","","24.1","","98.85","","","","","","Mainly Clear"
"2012-05-15 16:00","2012","05","15","16:00","23.6","","5.2","","30","","17","","20","","24.1","","98.78","","","","","","Mainly Clear"
"2012-05-15 17:00","2012","05","15","17:00","23.3","","5.9","","32","","18","","22","","24.1","","98.77","","","","","","Mainly Clear"
"2012-05-15 18:00","2012","05","15","18:00","22.5","","4.5","","31","","19","","22","","24.1","","98.71","","","","","","Mainly Clear"
"2012-05-15 19:00","2012","05","15","19:00","20.9","","3.6","","32","","18","","20","","24.1","","98.73","","","","","","Mainly Clear"
"2012-05-15 20:00","2012","05","15","20:00","19.5","","4.7","","38","","19","","15","","24.1","","98.74","","","","","","Mainly Clear"
"2012-05-15 21:00","2012","05","15","21:00","18.1","","4.6","","41","","18","","7","","24.1","","98.76","","","","","","Mainly Clear"
"2012-05-15 22:00","2012","05","15","22:00","17.5","","5.0","","44","","18","","9","","24.1","","98.73","","","","","","Mainly Clear"
"2012-05-15 23:00","2012","05","15","23:00","16.4","","5.4","","48","","19","","9","","24.1","","98.70","","","","","","Mainly Clear"
"2012-05-16 00:00","2012","05","16","00:00","15.8","","5.4","","50","","18","","7","","24.1","","98.65","","","","","","Mostly Cloudy"
"2012-05-16 01:00","2012","05","16","01:00","16.2","","5.8","","50","","","","0","","24.1","","98.66","","","","","","Mostly Cloudy"
"2012-05-16 02:00","2012","05","16","02:00","14.2","","6.8","","61","","30","","4","","24.1","","98.67","","","","","","Mainly Clear"
"2012-05-16 03:00","2012","05","16","03:00","16.2","","6.5","","53","","30","","9","","24.1","","98.71","","","","","","Mainly Clear"
"2012-05-16 04:00","2012","05","16","04:00","15.5","","7.6","","59","","33","","7","","24.1","","98.60","","","","","","Mostly Cloudy"
"2012-05-16 05:00","2012","05","16","05:00","14.6","","7.6","","63","","","","0","","24.1","","98.52","","","","","","Mostly Cloudy"
"2012-05-16 06:00","2012","05","16","06:00","15.2","","8.2","","63","","29","","4","","24.1","","98.60","","","","","","Mostly Cloudy"
"2012-05-16 07:00","2012","05","16","07:00","14.2","","8.6","","69","","34","","11","","24.1","","98.75","","","","","","Cloudy"
"2012-05-16 08:00","2012","05","16","08:00","11.6","","9.8","","89","","34","","17","","24.1","","98.69","","","","","","Mostly Cloudy"
"2012-05-16 09:00","2012","05","16","09:00","12.1","","9.3","","83","","28","","13","","24.1","","98.89","","","","","","Cloudy"
"2012-05-16 10:00","2012","05","16","10:00","12.8","","7.2","","69","","29","","20","","24.1","","98.88","","","","","","Mostly Cloudy"
"2012-05-16 11:00","2012","05","16","11:00","14.0","","5.3","","56","","32","","26","","24.1","","98.94","","","","","","Mainly Clear"
"2012-05-16 12:00","2012","05","16","12:00","14.5","","4.9","","52","","31","","22","","24.1","","98.98","","","","","","Mostly Cloudy"
"2012-05-16 13:00","2012","05","16","13:00","15.8","","4.4","","47","","29","","20","","24.1","","98.93","","","","","","Mostly Cloudy"
"2012-05-16 14:00","2012","05","16","14:00","14.4","","5.7","","56","","32","","30","","24.1","","99.04","","","","","","Mostly Cloudy"
"2012-05-16 15:00","2012","05","16","15:00","13.9","","4.1","","52","","30","","19","","24.1","","99.06","","","","","","Mainly Clear"
"2012-05-16 16:00","2012","05","16","16:00","13.8","","1.4","","43","","33","","32","","24.1","","99.08","","","","","","Mainly Clear"
"2012-05-16 17:00","2012","05","16","17:00","13.0","","1.0","","44","","32","","30","","24.1","","99.19","","","","","","Mainly Clear"
"2012-05-16 18:00","2012","05","16","18:00","12.4","","1.9","","49","","32","","22","","24.1","","99.22","","","","","","Mainly Clear"
"2012-05-16 19:00","2012","05","16","19:00","11.6","","1.4","","50","","32","","15","","24.1","","99.29","","","","","","Mainly Clear"
"2012-05-16 20:00","2012","05","16","20:00","10.5","","0.7","","51","","32","","13","","24.1","","99.36","","","","","","Clear"
"2012-05-16 21:00","2012","05","16","21:00","9.7","","0.6","","53","","27","","6","","24.1","","99.43","","","","","","Clear"
"2012-05-16 22:00","2012","05","16","22:00","8.1","","1.7","","64","","30","","6","","24.1","","99.48","","","","","","Clear"
"2012-05-16 23:00","2012","05","16","23:00","7.8","","-0.6","","55","","31","","11","","24.1","","99.53","","","","","","Clear"
"2012-05-17 00:00","2012","05","17","00:00","6.8","","-0.3","","61","","30","","7","","24.1","","99.55","","","","","","Clear"
"2012-05-17 01:00","2012","05","17","01:00","5.7","","-0.1","","66","","","","0","","24.1","","99.57","","","","","","Clear"
"2012-05-17 02:00","2012","05","17","02:00","4.5","","0.4","","75","","23","","4","","24.1","","99.56","","","","","","Clear"
"2012-05-17 03:00","2012","05","17","03:00","4.1","","1.1","","81","","28","","4","","24.1","","99.59","","","","","","Clear"
"2012-05-17 04:00","2012","05","17","04:00","5.3","","1.3","","75","","33","","7","","24.1","","99.62","","","","","","Mainly Clear"
"2012-05-17 05:00","2012","05","17","05:00","5.4","","1.1","","74","","34","","11","","24.1","","99.69","","","","","","Mainly Clear"
"2012-05-17 06:00","2012","05","17","06:00","6.5","","1.6","","71","","33","","9","","24.1","","99.80","","","","","","Mainly Clear"
"2012-05-17 07:00","2012","05","17","07:00","8.6","","1.8","","62","","34","","9","","24.1","","99.87","","","","","","Clear"
"2012-05-17 08:00","2012","05","17","08:00","11.4","","0.2","","46","","36","","9","","24.1","","99.92","","","","","","Clear"
"2012-05-17 09:00","2012","05","17","09:00","12.8","","0.1","","42","","34","","9","","24.1","","99.94","","","","","","Clear"
"2012-05-17 10:00","2012","05","17","10:00","14.3","","1.0","","40","","32","","9","","24.1","","99.91","","","","","","Clear"
"2012-05-17 11:00","2012","05","17","11:00","14.5","","-0.6","","35","","","","0","","24.1","","99.92","","","","","","Mainly Clear"
"2012-05-17 12:00","2012","05","17","12:00","15.9","","-1.0","","31","","31","","11","","24.1","","99.89","","","","","","Mainly Clear"
"2012-05-17 13:00","2012","05","17","13:00","16.0","","-0.3","","33","","33","","11","","24.1","","99.84","","","","","","Mainly Clear"
"2012-05-17 14:00","2012","05","17","14:00","17.7","","0.9","","32","","33","","13","","24.1","","99.81","","","","","","Mainly Clear"
"2012-05-17 15:00","2012","05","17","15:00","17.9","","0.9","","32","","32","","19","","24.1","","99.77","","","","","","Mainly Clear"
"2012-05-17 16:00","2012","05","17","16:00","16.4","","0.6","","34","","20","","15","","24.1","","99.75","","","","","","Mainly Clear"
"2012-05-17 17:00","2012","05","17","17:00","17.3","","0.9","","33","","18","","7","","24.1","","99.74","","","","","","Mainly Clear"
"2012-05-17 18:00","2012","05","17","18:00","16.0","","0.4","","35","","17","","13","","24.1","","99.74","","","","","","Mainly Clear"
"2012-05-17 19:00","2012","05","17","19:00","14.3","","0.4","","39","","17","","11","","24.1","","99.75","","","","","","Mainly Clear"
"2012-05-17 20:00","2012","05","17","20:00","13.1","","-0.4","","39","","18","","6","","24.1","","99.79","","","","","","Mainly Clear"
"2012-05-17 21:00","2012","05","17","21:00","10.4","","0.7","","51","","16","","4","","24.1","","99.81","","","","","","Clear"
"2012-05-17 22:00","2012","05","17","22:00","9.4","","1.9","","59","","3","","4","","24.1","","99.84","","","","","","Clear"
"2012-05-17 23:00","2012","05","17","23:00","8.6","","2.3","","65","","","","0","","24.1","","99.83","","","","","","Mainly Clear"
"2012-05-18 00:00","2012","05","18","00:00","7.0","","2.6","","74","","","","0","","24.1","","99.85","","","","","","Clear"
"2012-05-18 01:00","2012","05","18","01:00","6.8","","3.1","","77","","35","","4","","24.1","","99.85","","","","","","Clear"
"2012-05-18 02:00","2012","05","18","02:00","5.5","","2.7","","82","","35","","4","","24.1","","99.80","","","","","","Clear"
"2012-05-18 03:00","2012","05","18","03:00","5.3","","2.8","","84","","","","0","","24.1","","99.80","","","","","","Clear"
"2012-05-18 04:00","2012","05","18","04:00","4.7","","2.6","","86","","","","0","","24.1","","99.81","","","","","","Clear"
"2012-05-18 05:00","2012","05","18","05:00","5.1","","2.3","","82","","","","0","","24.1","","99.81","","","","","","Mainly Clear"
"2012-05-18 06:00","2012","05","18","06:00","7.5","","3.2","","74","","","","0","","24.1","","99.88","","","","","","Mainly Clear"
"2012-05-18 07:00","2012","05","18","07:00","11.4","","3.7","","59","","","","0","","24.1","","99.93","","","","","","Mostly Cloudy"
"2012-05-18 08:00","2012","05","18","08:00","13.8","","3.3","","49","","7","","4","","24.1","","99.94","","","","","","Mostly Cloudy"
"2012-05-18 09:00","2012","05","18","09:00","15.7","","3.0","","42","","9","","4","","24.1","","99.99","","","","","","Mostly Cloudy"
"2012-05-18 10:00","2012","05","18","10:00","18.4","","6.0","","44","","14","","6","","24.1","","99.95","","","","","","Mostly Cloudy"
"2012-05-18 11:00","2012","05","18","11:00","18.8","","3.8","","37","","25","","4","","24.1","","99.96","","","","","","Mainly Clear"
"2012-05-18 12:00","2012","05","18","12:00","20.2","","4.9","","37","","9","","7","","24.1","","99.91","","","","","","Mainly Clear"
"2012-05-18 13:00","2012","05","18","13:00","19.5","","3.1","","34","","15","","9","","24.1","","99.88","","","","","","Mainly Clear"
"2012-05-18 14:00","2012","05","18","14:00","19.8","","3.2","","33","","17","","9","","24.1","","99.88","","","","","","Mostly Cloudy"
"2012-05-18 15:00","2012","05","18","15:00","19.5","","3.5","","35","","14","","7","","24.1","","99.82","","","","","","Mostly Cloudy"
"2012-05-18 16:00","2012","05","18","16:00","19.3","","2.2","","32","","14","","9","","24.1","","99.74","","","","","","Mostly Cloudy"
"2012-05-18 17:00","2012","05","18","17:00","19.1","","0.3","","28","","12","","7","","24.1","","99.73","","","","","","Mostly Cloudy"
"2012-05-18 18:00","2012","05","18","18:00","17.7","","1.2","","33","","15","","9","","24.1","","99.69","","","","","","Mostly Cloudy"
"2012-05-18 19:00","2012","05","18","19:00","16.2","","1.8","","38","","14","","9","","24.1","","99.65","","","","","","Mostly Cloudy"
"2012-05-18 20:00","2012","05","18","20:00","14.7","","0.6","","38","","15","","6","","24.1","","99.68","","","","","","Mostly Cloudy"
"2012-05-18 21:00","2012","05","18","21:00","13.7","","0.9","","42","","16","","6","","24.1","","99.68","","","","","","Mostly Cloudy"
"2012-05-18 22:00","2012","05","18","22:00","12.6","","1.3","","46","","10","","6","","24.1","","99.71","","","","","","Mainly Clear"
"2012-05-18 23:00","2012","05","18","23:00","11.2","","3.0","","57","","6","","4","","24.1","","99.72","","","","","","Mainly Clear"
"2012-05-19 00:00","2012","05","19","00:00","10.3","","3.5","","63","","2","","4","","24.1","","99.71","","","","","","Mainly Clear"
"2012-05-19 01:00","2012","05","19","01:00","9.6","","3.8","","67","","1","","6","","24.1","","99.71","","","","","","Mainly Clear"
"2012-05-19 02:00","2012","05","19","02:00","9.7","","2.6","","61","","","","0","","24.1","","99.70","","","","","","Mainly Clear"
"2012-05-19 03:00","2012","05","19","03:00","8.1","","3.1","","71","","35","","4","","24.1","","99.74","","","","","","Mainly Clear"
"2012-05-19 04:00","2012","05","19","04:00","7.9","","2.2","","67","","34","","4","","24.1","","99.78","","","","","","Mainly Clear"
"2012-05-19 05:00","2012","05","19","05:00","7.2","","2.8","","74","","32","","4","","24.1","","99.77","","","","","","Mainly Clear"
"2012-05-19 06:00","2012","05","19","06:00","9.7","","4.3","","69","","","","0","","24.1","","99.79","","","","","","Mainly Clear"
"2012-05-19 07:00","2012","05","19","07:00","14.6","","3.0","","46","","6","","4","","24.1","","99.81","","","","","","Mainly Clear"
"2012-05-19 08:00","2012","05","19","08:00","16.6","","2.8","","40","","18","","4","","24.1","","99.81","","","","","","Mainly Clear"
"2012-05-19 09:00","2012","05","19","09:00","19.2","","5.4","","40","","18","","6","","24.1","","99.83","","","","","","Mainly Clear"
"2012-05-19 10:00","2012","05","19","10:00","21.8","","6.5","","37","","20","","7","","24.1","","99.83","","","","","","Mainly Clear"
"2012-05-19 11:00","2012","05","19","11:00","24.2","","8.1","","36","","15","","4","","24.1","","99.84","","25","","","","Clear"
"2012-05-19 12:00","2012","05","19","12:00","26.2","","7.4","","30","","17","","7","","24.1","","99.80","","26","","","","Clear"
"2012-05-19 13:00","2012","05","19","13:00","26.3","","7.3","","30","","22","","6","","24.1","","99.76","","26","","","","Clear"
"2012-05-19 14:00","2012","05","19","14:00","27.3","","5.4","","25","","24","","6","","24.1","","99.71","","27","","","","Clear"
"2012-05-19 15:00","2012","05","19","15:00","28.1","","7.6","","27","","10","","4","","24.1","","99.66","","28","","","","Clear"
"2012-05-19 16:00","2012","05","19","16:00","28.2","","9.0","","30","","18","","15","","24.1","","99.63","","29","","","","Clear"
"2012-05-19 17:00","2012","05","19","17:00","27.1","","7.6","","29","","16","","17","","24.1","","99.64","","27","","","","Clear"
"2012-05-19 18:00","2012","05","19","18:00","26.5","","7.4","","30","","18","","11","","24.1","","99.62","","27","","","","Clear"
"2012-05-19 19:00","2012","05","19","19:00","25.1","","8.1","","34","","17","","7","","24.1","","99.62","","26","","","","Clear"
"2012-05-19 20:00","2012","05","19","20:00","23.4","","7.7","","37","","19","","4","","24.1","","99.68","","","","","","Clear"
"2012-05-19 21:00","2012","05","19","21:00","20.5","","8.5","","46","","9","","6","","24.1","","99.73","","","","","","Clear"
"2012-05-19 22:00","2012","05","19","22:00","18.4","","8.9","","54","","9","","6","","24.1","","99.76","","","","","","Clear"
"2012-05-19 23:00","2012","05","19","23:00","16.6","","8.5","","59","","6","","4","","24.1","","99.77","","","","","","Clear"
"2012-05-20 00:00","2012","05","20","00:00","15.3","","8.9","","66","","2","","4","","24.1","","99.79","","","","","","Clear"
"2012-05-20 01:00","2012","05","20","01:00","13.8","","9.0","","73","","35","","6","","24.1","","99.77","","","","","","Clear"
"2012-05-20 02:00","2012","05","20","02:00","12.8","","8.2","","74","","","","0","","24.1","","99.75","","","","","","Clear"
"2012-05-20 03:00","2012","05","20","03:00","12.1","","8.2","","77","","","","0","","24.1","","99.78","","","","","","Clear"
"2012-05-20 04:00","2012","05","20","04:00","11.1","","7.9","","81","","","","0","","24.1","","99.79","","","","","","Clear"
"2012-05-20 05:00","2012","05","20","05:00","11.2","","7.9","","80","","34","","4","","24.1","","99.83","","","","","","Mainly Clear"
"2012-05-20 06:00","2012","05","20","06:00","13.2","","9.3","","77","","35","","4","","24.1","","99.90","","","","","","Mainly Clear"
"2012-05-20 07:00","2012","05","20","07:00","18.8","","9.0","","53","","","","0","","24.1","","99.92","","","","","","Mainly Clear"
"2012-05-20 08:00","2012","05","20","08:00","21.4","","10.3","","49","","","","0","","24.1","","99.95","","","","","","Mainly Clear"
"2012-05-20 09:00","2012","05","20","09:00","23.0","","9.9","","43","","16","","4","","24.1","","99.95","","","","","","Mainly Clear"
"2012-05-20 10:00","2012","05","20","10:00","26.1","","10.9","","39","","13","","7","","24.1","","99.93","","28","","","","Mainly Clear"
"2012-05-20 11:00","2012","05","20","11:00","26.4","","11.0","","38","","12","","13","","24.1","","99.91","","28","","","","Mainly Clear"
"2012-05-20 12:00","2012","05","20","12:00","27.9","","10.2","","33","","17","","15","","24.1","","99.87","","29","","","","Mainly Clear"
"2012-05-20 13:00","2012","05","20","13:00","28.2","","10.8","","34","","17","","15","","24.1","","99.84","","30","","","","Mainly Clear"
"2012-05-20 14:00","2012","05","20","14:00","26.8","","10.5","","36","","14","","15","","24.1","","99.79","","28","","","","Mainly Clear"
"2012-05-20 15:00","2012","05","20","15:00","27.2","","9.2","","32","","14","","13","","24.1","","99.72","","28","","","","Mainly Clear"
"2012-05-20 16:00","2012","05","20","16:00","26.8","","8.6","","32","","13","","13","","24.1","","99.66","","27","","","","Mainly Clear"
"2012-05-20 17:00","2012","05","20","17:00","26.3","","7.4","","30","","12","","15","","24.1","","99.65","","26","","","","Mainly Clear"
"2012-05-20 18:00","2012","05","20","18:00","25.6","","6.9","","30","","10","","7","","24.1","","99.62","","26","","","","Mainly Clear"
"2012-05-20 19:00","2012","05","20","19:00","22.6","","4.8","","31","","13","","13","","24.1","","99.61","","","","","","Mainly Clear"
"2012-05-20 20:00","2012","05","20","20:00","20.4","","2.4","","30","","11","","9","","24.1","","99.58","","","","","","Mainly Clear"
"2012-05-20 21:00","2012","05","20","21:00","19.1","","3.5","","36","","","","0","","24.1","","99.60","","","","","","Clear"
"2012-05-20 22:00","2012","05","20","22:00","17.3","","6.1","","48","","","","0","","24.1","","99.57","","","","","","Clear"
"2012-05-20 23:00","2012","05","20","23:00","16.8","","6.7","","51","","36","","4","","24.1","","99.51","","","","","","Clear"
"2012-05-21 00:00","2012","05","21","00:00","15.3","","7.2","","58","","35","","4","","24.1","","99.46","","","","","","Clear"
"2012-05-21 01:00","2012","05","21","01:00","15.3","","7.3","","59","","7","","4","","24.1","","99.42","","","","","","Clear"
"2012-05-21 02:00","2012","05","21","02:00","14.5","","8.0","","65","","4","","4","","24.1","","99.42","","","","","","Clear"
"2012-05-21 03:00","2012","05","21","03:00","13.9","","8.7","","71","","","","0","","24.1","","99.46","","","","","","Clear"
"2012-05-21 04:00","2012","05","21","04:00","13.8","","9.1","","73","","","","0","","24.1","","99.46","","","","","","Mainly Clear"
"2012-05-21 05:00","2012","05","21","05:00","14.8","","9.6","","71","","9","","4","","24.1","","99.48","","","","","","Mainly Clear"
"2012-05-21 06:00","2012","05","21","06:00","16.3","","10.9","","70","","9","","6","","24.1","","99.50","","","","","","Mainly Clear"
"2012-05-21 07:00","2012","05","21","07:00","19.1","","12.4","","65","","11","","4","","24.1","","99.49","","","","","","Mainly Clear"
"2012-05-21 08:00","2012","05","21","08:00","21.1","","12.7","","59","","12","","11","","24.1","","99.48","","","","","","Mainly Clear"
"2012-05-21 09:00","2012","05","21","09:00","22.9","","12.3","","51","","16","","13","","24.1","","99.44","","25","","","","Mainly Clear"
"2012-05-21 10:00","2012","05","21","10:00","24.0","","11.8","","46","","17","","11","","24.1","","99.39","","26","","","","Mainly Clear"
"2012-05-21 11:00","2012","05","21","11:00","25.5","","12.6","","45","","19","","11","","24.1","","99.34","","28","","","","Mainly Clear"
"2012-05-21 12:00","2012","05","21","12:00","25.2","","12.5","","45","","15","","19","","24.1","","99.29","","28","","","","Mainly Clear"
"2012-05-21 13:00","2012","05","21","13:00","25.6","","13.0","","46","","18","","15","","24.1","","99.22","","28","","","","Clear"
"2012-05-21 14:00","2012","05","21","14:00","25.9","","13.3","","46","","14","","17","","24.1","","99.17","","29","","","","Mainly Clear"
"2012-05-21 15:00","2012","05","21","15:00","25.6","","12.3","","44","","15","","17","","24.1","","99.11","","28","","","","Mainly Clear"
"2012-05-21 16:00","2012","05","21","16:00","25.9","","13.1","","45","","19","","11","","24.1","","99.03","","29","","","","Mainly Clear"
"2012-05-21 17:00","2012","05","21","17:00","23.7","","12.5","","49","","12","","17","","24.1","","99.04","","26","","","","Mainly Clear"
"2012-05-21 18:00","2012","05","21","18:00","22.6","","12.5","","53","","12","","17","","24.1","","99.00","","25","","","","Mainly Clear"
"2012-05-21 19:00","2012","05","21","19:00","21.4","","12.4","","56","","11","","11","","24.1","","99.01","","","","","","Mostly Cloudy"
"2012-05-21 20:00","2012","05","21","20:00","21.2","","12.7","","58","","33","","9","","24.1","","99.04","","","","","","Mainly Clear"
"2012-05-21 21:00","2012","05","21","21:00","17.9","","11.9","","68","","33","","19","","24.1","","99.08","","","","","","Mainly Clear"
"2012-05-21 22:00","2012","05","21","22:00","16.2","","11.0","","71","","35","","19","","24.1","","99.10","","","","","","Mainly Clear"
"2012-05-21 23:00","2012","05","21","23:00","15.5","","10.9","","74","","36","","13","","24.1","","99.05","","","","","","Mainly Clear"
"2012-05-22 00:00","2012","05","22","00:00","15.2","","10.8","","75","","34","","13","","24.1","","99.02","","","","","","Mainly Clear"
"2012-05-22 01:00","2012","05","22","01:00","15.1","","11.0","","76","","34","","11","","24.1","","98.97","","","","","","Mainly Clear"
"2012-05-22 02:00","2012","05","22","02:00","14.8","","11.3","","80","","36","","17","","24.1","","98.92","","","","","","Mainly Clear"
"2012-05-22 03:00","2012","05","22","03:00","14.2","","11.3","","83","","35","","13","","24.1","","98.90","","","","","","Mainly Clear"
"2012-05-22 04:00","2012","05","22","04:00","13.9","","11.2","","84","","34","","4","","24.1","","98.92","","","","","","Mainly Clear"
"2012-05-22 05:00","2012","05","22","05:00","13.6","","10.9","","84","","33","","9","","24.1","","98.92","","","","","","Mainly Clear"
"2012-05-22 06:00","2012","05","22","06:00","13.5","","11.1","","85","","34","","9","","24.1","","98.95","","","","","","Mostly Cloudy"
"2012-05-22 07:00","2012","05","22","07:00","13.9","","11.7","","87","","36","","13","","19.3","","98.98","","","","","","Cloudy"
"2012-05-22 08:00","2012","05","22","08:00","15.0","","12.4","","84","","34","","19","","19.3","","99.00","","","","","","Cloudy"
"2012-05-22 09:00","2012","05","22","09:00","16.0","","12.8","","81","","33","","17","","19.3","","99.00","","","","","","Cloudy"
"2012-05-22 10:00","2012","05","22","10:00","18.8","","13.8","","73","","35","","15","","24.1","","98.99","","","","","","Mostly Cloudy"
"2012-05-22 11:00","2012","05","22","11:00","19.8","","14.3","","71","","36","","17","","24.1","","98.97","","","","","","Mostly Cloudy"
"2012-05-22 12:00","2012","05","22","12:00","22.0","","15.3","","66","","1","","11","","24.1","","98.90","","26","","","","Mostly Cloudy"
"2012-05-22 13:00","2012","05","22","13:00","23.6","","15.5","","60","","35","","9","","24.1","","98.84","","28","","","","Mostly Cloudy"
"2012-05-22 14:00","2012","05","22","14:00","23.3","","15.1","","60","","36","","19","","24.1","","98.81","","27","","","","Mostly Cloudy"
"2012-05-22 15:00","2012","05","22","15:00","23.9","","15.3","","59","","31","","15","","24.1","","98.79","","28","","","","Mostly Cloudy"
"2012-05-22 16:00","2012","05","22","16:00","23.2","","14.8","","59","","35","","11","","24.1","","98.77","","27","","","","Mostly Cloudy"
"2012-05-22 17:00","2012","05","22","17:00","23.1","","14.7","","59","","36","","17","","24.1","","98.78","","27","","","","Mainly Clear"
"2012-05-22 18:00","2012","05","22","18:00","22.3","","14.6","","62","","1","","15","","24.1","","98.80","","26","","","","Mainly Clear"
"2012-05-22 19:00","2012","05","22","19:00","21.3","","14.4","","65","","2","","15","","24.1","","98.82","","25","","","","Mainly Clear"
"2012-05-22 20:00","2012","05","22","20:00","20.2","","14.3","","69","","35","","15","","24.1","","98.87","","","","","","Mainly Clear"
"2012-05-22 21:00","2012","05","22","21:00","19.2","","14.1","","72","","36","","13","","24.1","","98.91","","","","","","Mostly Cloudy"
"2012-05-22 22:00","2012","05","22","22:00","18.5","","13.7","","74","","34","","9","","24.1","","98.94","","","","","","Mostly Cloudy"
"2012-05-22 23:00","2012","05","22","23:00","16.8","","13.3","","80","","1","","9","","24.1","","98.97","","","","","","Mainly Clear"
"2012-05-23 00:00","2012","05","23","00:00","17.3","","13.6","","79","","33","","7","","24.1","","99.00","","","","","","Mostly Cloudy"
"2012-05-23 01:00","2012","05","23","01:00","16.9","","13.8","","82","","8","","7","","24.1","","98.96","","","","","","Mostly Cloudy"
"2012-05-23 02:00","2012","05","23","02:00","17.2","","13.8","","80","","2","","6","","24.1","","98.96","","","","","","Cloudy"
"2012-05-23 03:00","2012","05","23","03:00","16.2","","14.4","","89","","6","","7","","19.3","","98.95","","","","","","Rain"
"2012-05-23 04:00","2012","05","23","04:00","16.2","","14.8","","91","","5","","6","","24.1","","98.97","","","","","","Cloudy"
"2012-05-23 05:00","2012","05","23","05:00","16.3","","14.5","","89","","9","","6","","24.1","","98.98","","","","","","Cloudy"
"2012-05-23 06:00","2012","05","23","06:00","16.9","","14.5","","86","","9","","6","","24.1","","99.05","","","","","","Cloudy"
"2012-05-23 07:00","2012","05","23","07:00","17.2","","14.4","","84","","12","","11","","24.1","","99.09","","","","","","Cloudy"
"2012-05-23 08:00","2012","05","23","08:00","17.8","","15.0","","84","","11","","7","","24.1","","99.13","","","","","","Cloudy"
"2012-05-23 09:00","2012","05","23","09:00","18.0","","14.4","","79","","16","","7","","24.1","","99.20","","","","","","Cloudy"
"2012-05-23 10:00","2012","05","23","10:00","20.1","","15.5","","75","","14","","9","","24.1","","99.17","","","","","","Mostly Cloudy"
"2012-05-23 11:00","2012","05","23","11:00","21.6","","15.6","","69","","10","","9","","24.1","","99.14","","26","","","","Mostly Cloudy"
"2012-05-23 12:00","2012","05","23","12:00","22.1","","15.5","","66","","16","","9","","24.1","","99.14","","26","","","","Mostly Cloudy"
"2012-05-23 13:00","2012","05","23","13:00","22.2","","15.4","","65","","12","","17","","24.1","","99.15","","26","","","","Mostly Cloudy"
"2012-05-23 14:00","2012","05","23","14:00","22.8","","15.4","","63","","13","","15","","24.1","","99.15","","27","","","","Mainly Clear"
"2012-05-23 15:00","2012","05","23","15:00","22.3","","14.6","","62","","11","","15","","24.1","","99.11","","26","","","","Mainly Clear"
"2012-05-23 16:00","2012","05","23","16:00","23.2","","14.8","","59","","13","","17","","24.1","","99.06","","27","","","","Mainly Clear"
"2012-05-23 17:00","2012","05","23","17:00","22.3","","13.8","","59","","14","","19","","24.1","","99.06","","26","","","","Mainly Clear"
"2012-05-23 18:00","2012","05","23","18:00","21.0","","13.9","","64","","12","","19","","24.1","","99.00","","","","","","Clear"
"2012-05-23 19:00","2012","05","23","19:00","19.6","","13.9","","70","","10","","11","","24.1","","99.03","","","","","","Mainly Clear"
"2012-05-23 20:00","2012","05","23","20:00","18.3","","12.6","","69","","9","","11","","24.1","","99.07","","","","","","Clear"
"2012-05-23 21:00","2012","05","23","21:00","17.6","","12.6","","72","","8","","6","","24.1","","99.07","","","","","","Clear"
"2012-05-23 22:00","2012","05","23","22:00","17.0","","12.6","","75","","12","","9","","24.1","","99.12","","","","","","Clear"
"2012-05-23 23:00","2012","05","23","23:00","16.6","","12.8","","78","","9","","6","","24.1","","99.14","","","","","","Clear"
"2012-05-24 00:00","2012","05","24","00:00","15.8","","12.5","","81","","8","","4","","24.1","","99.15","","","","","","Clear"
"2012-05-24 01:00","2012","05","24","01:00","15.3","","12.7","","84","","5","","4","","24.1","","99.16","","","","","","Mainly Clear"
"2012-05-24 02:00","2012","05","24","02:00","15.6","","12.9","","84","","8","","4","","24.1","","99.12","","","","","","Mainly Clear"
"2012-05-24 03:00","2012","05","24","03:00","15.1","","12.8","","86","","5","","4","","24.1","","99.11","","","","","","Clear"
"2012-05-24 04:00","2012","05","24","04:00","15.1","","13.0","","87","","8","","4","","24.1","","99.15","","","","","","Clear"
"2012-05-24 05:00","2012","05","24","05:00","14.7","","12.9","","89","","","","0","","24.1","","99.23","","","","","","Mainly Clear"
"2012-05-24 06:00","2012","05","24","06:00","16.7","","13.9","","84","","8","","4","","24.1","","99.31","","","","","","Mainly Clear"
"2012-05-24 07:00","2012","05","24","07:00","18.7","","14.8","","78","","10","","6","","24.1","","99.34","","","","","","Mainly Clear"
"2012-05-24 08:00","2012","05","24","08:00","20.5","","15.6","","73","","12","","7","","24.1","","99.31","","25","","","","Clear"
"2012-05-24 09:00","2012","05","24","09:00","22.7","","15.9","","65","","16","","9","","24.1","","99.27","","27","","","","Clear"
"2012-05-24 10:00","2012","05","24","10:00","23.6","","16.4","","64","","18","","11","","24.1","","99.26","","28","","","","Clear"
"2012-05-24 11:00","2012","05","24","11:00","24.7","","16.8","","61","","16","","9","","24.1","","99.23","","30","","","","Clear"
"2012-05-24 12:00","2012","05","24","12:00","24.7","","16.2","","59","","16","","13","","24.1","","99.20","","29","","","","Clear"
"2012-05-24 13:00","2012","05","24","13:00","25.6","","16.6","","58","","14","","22","","24.1","","99.19","","31","","","","Mainly Clear"
"2012-05-24 14:00","2012","05","24","14:00","25.4","","16.7","","59","","14","","15","","24.1","","99.14","","30","","","","Mainly Clear"
"2012-05-24 15:00","2012","05","24","15:00","25.4","","17.3","","61","","13","","19","","24.1","","99.10","","31","","","","Mainly Clear"
"2012-05-24 16:00","2012","05","24","16:00","24.9","","16.2","","58","","11","","20","","24.1","","99.08","","30","","","","Clear"
"2012-05-24 17:00","2012","05","24","17:00","25.1","","16.4","","59","","11","","15","","24.1","","99.02","","30","","","","Mainly Clear"
"2012-05-24 18:00","2012","05","24","18:00","25.0","","16.1","","58","","11","","15","","24.1","","98.99","","30","","","","Mainly Clear"
"2012-05-24 19:00","2012","05","24","19:00","23.6","","15.6","","61","","10","","9","","24.1","","98.96","","28","","","","Mainly Clear"
"2012-05-24 20:00","2012","05","24","20:00","22.7","","15.2","","63","","12","","11","","24.1","","98.95","","27","","","","Mostly Cloudy"
"2012-05-24 21:00","2012","05","24","21:00","21.9","","14.9","","64","","14","","6","","24.1","","98.96","","26","","","","Mainly Clear"
"2012-05-24 22:00","2012","05","24","22:00","22.7","","14.8","","61","","16","","11","","24.1","","98.97","","27","","","","Mainly Clear"
"2012-05-24 23:00","2012","05","24","23:00","23.2","","14.3","","57","","17","","15","","24.1","","98.99","","27","","","","Clear"
"2012-05-25 00:00","2012","05","25","00:00","22.5","","14.3","","60","","17","","19","","24.1","","99.04","","26","","","","Mainly Clear"
"2012-05-25 01:00","2012","05","25","01:00","21.8","","14.3","","62","","17","","13","","24.1","","99.04","","25","","","","Clear"
"2012-05-25 02:00","2012","05","25","02:00","21.0","","14.4","","66","","18","","11","","24.1","","99.05","","25","","","","Clear"
"2012-05-25 03:00","2012","05","25","03:00","20.5","","14.5","","68","","17","","7","","24.1","","99.05","","","","","","Clear"
"2012-05-25 04:00","2012","05","25","04:00","20.4","","14.7","","70","","18","","9","","24.1","","99.07","","","","","","Mainly Clear"
"2012-05-25 05:00","2012","05","25","05:00","20.4","","15.0","","71","","18","","9","","24.1","","99.09","","","","","","Mostly Cloudy"
"2012-05-25 06:00","2012","05","25","06:00","20.7","","15.4","","72","","18","","13","","24.1","","99.10","","25","","","","Mainly Clear"
"2012-05-25 07:00","2012","05","25","07:00","21.6","","15.8","","70","","18","","19","","24.1","","99.07","","26","","","","Mainly Clear"
"2012-05-25 08:00","2012","05","25","08:00","23.0","","16.3","","66","","19","","22","","24.1","","99.03","","28","","","","Mostly Cloudy"
"2012-05-25 09:00","2012","05","25","09:00","23.6","","16.5","","64","","18","","28","","24.1","","98.93","","29","","","","Mostly Cloudy"
"2012-05-25 10:00","2012","05","25","10:00","25.4","","16.3","","57","","20","","26","","24.1","","98.93","","30","","","","Mostly Cloudy"
"2012-05-25 11:00","2012","05","25","11:00","26.2","","16.4","","55","","18","","24","","24.1","","98.91","","31","","","","Mostly Cloudy"
"2012-05-25 12:00","2012","05","25","12:00","27.5","","17.1","","53","","19","","20","","24.1","","98.93","","33","","","","Mainly Clear"
"2012-05-25 13:00","2012","05","25","13:00","29.3","","16.9","","47","","21","","20","","19.3","","98.91","","35","","","","Mainly Clear"
"2012-05-25 14:00","2012","05","25","14:00","29.9","","17.1","","46","","23","","15","","19.3","","98.90","","35","","","","Mostly Cloudy"
"2012-05-25 15:00","2012","05","25","15:00","29.8","","17.1","","46","","25","","19","","19.3","","98.93","","35","","","","Mostly Cloudy"
"2012-05-25 16:00","2012","05","25","16:00","30.2","","16.4","","43","","25","","19","","19.3","","98.95","","35","","","","Mostly Cloudy"
"2012-05-25 17:00","2012","05","25","17:00","27.8","","16.3","","50","","34","","24","","19.3","","99.04","","33","","","","Mainly Clear"
"2012-05-25 18:00","2012","05","25","18:00","26.7","","14.9","","48","","33","","15","","19.3","","99.09","","31","","","","Mainly Clear"
"2012-05-25 19:00","2012","05","25","19:00","24.6","","12.4","","47","","34","","22","","24.1","","99.19","","27","","","","Mainly Clear"
"2012-05-25 20:00","2012","05","25","20:00","23.2","","12.5","","51","","33","","15","","24.1","","99.27","","26","","","","Mainly Clear"
"2012-05-25 21:00","2012","05","25","21:00","21.7","","11.6","","53","","34","","9","","24.1","","99.31","","","","","","Mainly Clear"
"2012-05-25 22:00","2012","05","25","22:00","19.3","","11.5","","61","","34","","6","","24.1","","99.37","","","","","","Mainly Clear"
"2012-05-25 23:00","2012","05","25","23:00","16.9","","11.1","","69","","","","0","","24.1","","99.43","","","","","","Mainly Clear"
"2012-05-26 00:00","2012","05","26","00:00","16.2","","11.7","","75","","","","0","","24.1","","99.50","","","","","","Mostly Cloudy"
"2012-05-26 01:00","2012","05","26","01:00","18.1","","11.6","","66","","33","","6","","24.1","","99.60","","","","","","Mostly Cloudy"
"2012-05-26 02:00","2012","05","26","02:00","18.1","","8.4","","53","","32","","9","","24.1","","99.65","","","","","","Mostly Cloudy"
"2012-05-26 03:00","2012","05","26","03:00","16.9","","7.9","","55","","33","","15","","24.1","","99.68","","","","","","Clear"
"2012-05-26 04:00","2012","05","26","04:00","16.3","","7.9","","57","","35","","9","","24.1","","99.71","","","","","","Mainly Clear"
"2012-05-26 05:00","2012","05","26","05:00","16.2","","8.2","","59","","35","","6","","24.1","","99.81","","","","","","Mostly Cloudy"
"2012-05-26 06:00","2012","05","26","06:00","16.8","","8.6","","58","","32","","4","","24.1","","99.85","","","","","","Mostly Cloudy"
"2012-05-26 07:00","2012","05","26","07:00","17.6","","9.1","","57","","31","","7","","24.1","","99.87","","","","","","Mostly Cloudy"
"2012-05-26 08:00","2012","05","26","08:00","18.8","","9.2","","54","","32","","6","","24.1","","99.91","","","","","","Mostly Cloudy"
"2012-05-26 09:00","2012","05","26","09:00","20.5","","9.3","","49","","","","0","","24.1","","99.91","","","","","","Mostly Cloudy"
"2012-05-26 10:00","2012","05","26","10:00","22.9","","10.1","","44","","36","","11","","24.1","","99.92","","","","","","Mostly Cloudy"
"2012-05-26 11:00","2012","05","26","11:00","24.0","","10.7","","43","","32","","9","","24.1","","99.92","","26","","","","Mostly Cloudy"
"2012-05-26 12:00","2012","05","26","12:00","24.0","","8.9","","38","","2","","4","","24.1","","99.92","","25","","","","Mostly Cloudy"
"2012-05-26 13:00","2012","05","26","13:00","25.3","","9.2","","36","","30","","11","","24.1","","99.90","","26","","","","Mostly Cloudy"
"2012-05-26 14:00","2012","05","26","14:00","25.1","","6.7","","31","","34","","9","","24.1","","99.85","","25","","","","Mostly Cloudy"
"2012-05-26 15:00","2012","05","26","15:00","25.2","","6.2","","30","","1","","13","","24.1","","99.83","","25","","","","Mostly Cloudy"
"2012-05-26 16:00","2012","05","26","16:00","24.3","","7.3","","34","","2","","9","","24.1","","99.74","","","","","","Mostly Cloudy"
"2012-05-26 17:00","2012","05","26","17:00","23.6","","5.7","","31","","1","","13","","24.1","","99.73","","","","","","Mostly Cloudy"
"2012-05-26 18:00","2012","05","26","18:00","23.6","","5.0","","30","","36","","13","","24.1","","99.77","","","","","","Mostly Cloudy"
"2012-05-26 19:00","2012","05","26","19:00","22.4","","4.6","","31","","34","","15","","24.1","","99.86","","","","","","Mostly Cloudy"
"2012-05-26 20:00","2012","05","26","20:00","20.8","","6.2","","39","","34","","9","","24.1","","99.92","","","","","","Mostly Cloudy"
"2012-05-26 21:00","2012","05","26","21:00","18.8","","7.5","","48","","","","0","","24.1","","99.91","","","","","","Mostly Cloudy"
"2012-05-26 22:00","2012","05","26","22:00","17.0","","7.0","","52","","35","","6","","24.1","","99.91","","","","","","Mainly Clear"
"2012-05-26 23:00","2012","05","26","23:00","16.2","","7.0","","54","","35","","11","","24.1","","99.84","","","","","","Mainly Clear"
"2012-05-27 00:00","2012","05","27","00:00","14.3","","7.2","","62","","34","","7","","24.1","","99.78","","","","","","Clear"
"2012-05-27 01:00","2012","05","27","01:00","15.8","","7.1","","56","","32","","6","","24.1","","99.82","","","","","","Mainly Clear"
"2012-05-27 02:00","2012","05","27","02:00","15.3","","7.6","","60","","34","","13","","24.1","","99.81","","","","","","Mostly Cloudy"
"2012-05-27 03:00","2012","05","27","03:00","14.4","","7.9","","65","","3","","7","","24.1","","99.77","","","","","","Mostly Cloudy"
"2012-05-27 04:00","2012","05","27","04:00","14.6","","9.0","","69","","2","","6","","24.1","","99.78","","","","","","Mostly Cloudy"
"2012-05-27 05:00","2012","05","27","05:00","15.8","","8.7","","63","","6","","4","","24.1","","99.78","","","","","","Mostly Cloudy"
"2012-05-27 06:00","2012","05","27","06:00","16.8","","8.0","","56","","9","","6","","24.1","","99.84","","","","","","Mostly Cloudy"
"2012-05-27 07:00","2012","05","27","07:00","17.5","","8.5","","55","","12","","13","","24.1","","99.89","","","","","","Cloudy"
"2012-05-27 08:00","2012","05","27","08:00","18.1","","9.7","","58","","10","","15","","24.1","","99.86","","","","","","Cloudy"
"2012-05-27 09:00","2012","05","27","09:00","19.0","","10.4","","57","","11","","17","","24.1","","99.87","","","","","","Mostly Cloudy"
"2012-05-27 10:00","2012","05","27","10:00","19.7","","11.0","","57","","9","","15","","24.1","","99.80","","","","","","Mostly Cloudy"
"2012-05-27 11:00","2012","05","27","11:00","20.8","","11.4","","55","","11","","9","","24.1","","99.76","","","","","","Mostly Cloudy"
"2012-05-27 12:00","2012","05","27","12:00","22.3","","11.3","","50","","14","","11","","24.1","","99.74","","","","","","Cloudy"
"2012-05-27 13:00","2012","05","27","13:00","22.4","","11.1","","49","","9","","6","","24.1","","99.70","","","","","","Cloudy"
"2012-05-27 14:00","2012","05","27","14:00","23.4","","11.1","","46","","15","","7","","24.1","","99.58","","25","","","","Cloudy"
"2012-05-27 15:00","2012","05","27","15:00","23.6","","11.4","","46","","11","","13","","24.1","","99.48","","26","","","","Cloudy"
"2012-05-27 16:00","2012","05","27","16:00","21.8","","9.8","","46","","14","","13","","24.1","","99.43","","","","","","Mostly Cloudy"
"2012-05-27 17:00","2012","05","27","17:00","22.6","","9.7","","44","","19","","7","","24.1","","99.50","","","","","","Mostly Cloudy"
"2012-05-27 18:00","2012","05","27","18:00","21.6","","9.3","","45","","17","","13","","24.1","","99.25","","","","","","Cloudy"
"2012-05-27 19:00","2012","05","27","19:00","19.9","","9.1","","50","","15","","11","","24.1","","99.05","","","","","","Cloudy"
"2012-05-27 20:00","2012","05","27","20:00","18.8","","9.4","","54","","10","","13","","24.1","","99.17","","","","","","Mostly Cloudy"
"2012-05-27 21:00","2012","05","27","21:00","18.1","","10.7","","62","","7","","7","","24.1","","99.19","","","","","","Mostly Cloudy"
"2012-05-27 22:00","2012","05","27","22:00","16.6","","10.8","","69","","7","","6","","24.1","","99.16","","","","","","Mainly Clear"
"2012-05-27 23:00","2012","05","27","23:00","15.5","","11.1","","75","","10","","4","","24.1","","99.19","","","","","","Clear"
"2012-05-28 00:00","2012","05","28","00:00","14.9","","11.2","","79","","","","0","","24.1","","99.21","","","","","","Mainly Clear"
"2012-05-28 01:00","2012","05","28","01:00","14.2","","11.3","","83","","","","0","","24.1","","99.15","","","","","","Mainly Clear"
"2012-05-28 02:00","2012","05","28","02:00","14.2","","11.3","","83","","","","0","","24.1","","99.09","","","","","","Mainly Clear"
"2012-05-28 03:00","2012","05","28","03:00","14.2","","11.3","","83","","2","","4","","24.1","","99.08","","","","","","Mostly Cloudy"
"2012-05-28 04:00","2012","05","28","04:00","15.0","","11.6","","80","","4","","7","","24.1","","99.09","","","","","","Thunderstorms,Rain Showers"
"2012-05-28 05:00","2012","05","28","05:00","15.2","","11.8","","80","","","","0","","24.1","","99.06","","","","","","Mostly Cloudy"
"2012-05-28 06:00","2012","05","28","06:00","16.1","","12.5","","79","","10","","6","","24.1","","99.10","","","","","","Mostly Cloudy"
"2012-05-28 07:00","2012","05","28","07:00","17.4","","13.2","","76","","13","","7","","24.1","","99.11","","","","","","Mostly Cloudy"
"2012-05-28 08:00","2012","05","28","08:00","19.1","","14.5","","75","","13","","9","","24.1","","99.09","","","","","","Mostly Cloudy"
"2012-05-28 09:00","2012","05","28","09:00","21.1","","15.5","","70","","13","","11","","24.1","","99.02","","25","","","","Mainly Clear"
"2012-05-28 10:00","2012","05","28","10:00","22.3","","16.1","","68","","17","","11","","24.1","","98.97","","27","","","","Mainly Clear"
"2012-05-28 11:00","2012","05","28","11:00","23.6","","16.5","","64","","15","","11","","24.1","","98.92","","29","","","","Mainly Clear"
"2012-05-28 12:00","2012","05","28","12:00","25.2","","17.1","","61","","16","","11","","24.1","","98.83","","31","","","","Mainly Clear"
"2012-05-28 13:00","2012","05","28","13:00","27.9","","17.8","","54","","17","","13","","19.3","","98.75","","34","","","","Mainly Clear"
"2012-05-28 14:00","2012","05","28","14:00","31.9","","18.2","","44","","19","","24","","19.3","","98.65","","38","","","","Mainly Clear"
"2012-05-28 15:00","2012","05","28","15:00","31.5","","17.4","","43","","18","","22","","19.3","","98.58","","37","","","","Mostly Cloudy"
"2012-05-28 16:00","2012","05","28","16:00","30.7","","17.1","","44","","17","","22","","19.3","","98.56","","36","","","","Mostly Cloudy"
"2012-05-28 17:00","2012","05","28","17:00","30.4","","17.5","","46","","18","","28","","19.3","","98.49","","36","","","","Mainly Clear"
"2012-05-28 18:00","2012","05","28","18:00","30.2","","16.7","","44","","20","","17","","19.3","","98.46","","35","","","","Mainly Clear"
"2012-05-28 19:00","2012","05","28","19:00","30.3","","16.5","","43","","22","","15","","24.1","","98.46","","35","","","","Mainly Clear"
"2012-05-28 20:00","2012","05","28","20:00","28.9","","15.9","","45","","20","","11","","24.1","","98.43","","33","","","","Mostly Cloudy"
"2012-05-28 21:00","2012","05","28","21:00","27.5","","15.9","","49","","20","","7","","24.1","","98.42","","32","","","","Mostly Cloudy"
"2012-05-28 22:00","2012","05","28","22:00","26.5","","16.3","","54","","18","","7","","24.1","","98.40","","31","","","","Mostly Cloudy"
"2012-05-28 23:00","2012","05","28","23:00","25.7","","16.7","","58","","19","","11","","24.1","","98.37","","31","","","","Mainly Clear"
"2012-05-29 00:00","2012","05","29","00:00","25.4","","17.6","","62","","20","","9","","19.3","","98.32","","31","","","","Mainly Clear"
"2012-05-29 01:00","2012","05","29","01:00","26.3","","18.5","","62","","25","","19","","16.1","","98.29","","33","","","","Mainly Clear"
"2012-05-29 02:00","2012","05","29","02:00","25.6","","18.8","","66","","22","","13","","16.1","","98.25","","32","","","","Mainly Clear"
"2012-05-29 03:00","2012","05","29","03:00","24.9","","19.0","","70","","22","","7","","16.1","","98.24","","32","","","","Clear"
"2012-05-29 04:00","2012","05","29","04:00","24.7","","18.8","","70","","23","","6","","16.1","","98.22","","31","","","","Mainly Clear"
"2012-05-29 05:00","2012","05","29","05:00","24.0","","18.6","","72","","24","","4","","12.9","","98.21","","30","","","","Mainly Clear"
"2012-05-29 06:00","2012","05","29","06:00","23.9","","18.8","","73","","18","","9","","12.9","","98.20","","31","","","","Mainly Clear"
"2012-05-29 07:00","2012","05","29","07:00","25.4","","18.9","","67","","22","","7","","16.1","","98.19","","32","","","","Mostly Cloudy"
"2012-05-29 08:00","2012","05","29","08:00","26.1","","18.7","","64","","24","","13","","16.1","","98.18","","33","","","","Mostly Cloudy"
"2012-05-29 09:00","2012","05","29","09:00","28.5","","17.3","","51","","24","","11","","19.3","","98.23","","34","","","","Mostly Cloudy"
"2012-05-29 10:00","2012","05","29","10:00","27.5","","17.6","","55","","25","","15","","19.3","","98.21","","33","","","","Mostly Cloudy"
"2012-05-29 11:00","2012","05","29","11:00","28.3","","16.4","","48","","27","","22","","19.3","","98.19","","33","","","","Cloudy"
"2012-05-29 12:00","2012","05","29","12:00","25.5","","13.2","","46","","27","","20","","19.3","","98.22","","28","","","","Cloudy"
"2012-05-29 13:00","2012","05","29","13:00","25.7","","15.1","","52","","31","","11","","19.3","","98.07","","30","","","","Mostly Cloudy"
"2012-05-29 14:00","2012","05","29","14:00","26.3","","15.0","","50","","26","","17","","24.1","","98.06","","30","","","","Mostly Cloudy"
"2012-05-29 15:00","2012","05","29","15:00","26.4","","16.9","","56","","28","","22","","19.3","","98.05","","32","","","","Mostly Cloudy"
"2012-05-29 16:00","2012","05","29","16:00","25.6","","15.3","","53","","29","","20","","24.1","","98.14","","30","","","","Mostly Cloudy"
"2012-05-29 17:00","2012","05","29","17:00","26.9","","9.6","","34","","29","","17","","24.1","","98.11","","28","","","","Mostly Cloudy"
"2012-05-29 18:00","2012","05","29","18:00","25.3","","8.0","","33","","30","","17","","24.1","","98.12","","26","","","","Mostly Cloudy"
"2012-05-29 19:00","2012","05","29","19:00","23.7","","7.5","","35","","29","","17","","24.1","","98.24","","","","","","Mostly Cloudy"
"2012-05-29 20:00","2012","05","29","20:00","22.2","","7.7","","39","","28","","7","","24.1","","98.24","","","","","","Mostly Cloudy"
"2012-05-29 21:00","2012","05","29","21:00","21.3","","7.8","","42","","","","0","","24.1","","98.25","","","","","","Mainly Clear"
"2012-05-29 22:00","2012","05","29","22:00","20.9","","7.9","","43","","25","","4","","24.1","","98.32","","","","","","Mainly Clear"
"2012-05-29 23:00","2012","05","29","23:00","20.3","","7.9","","45","","26","","7","","24.1","","98.32","","","","","","Mainly Clear"
"2012-05-30 00:00","2012","05","30","00:00","18.4","","8.8","","54","","27","","7","","24.1","","98.35","","","","","","Mainly Clear"
"2012-05-30 01:00","2012","05","30","01:00","17.0","","8.4","","57","","27","","6","","24.1","","98.39","","","","","","Mainly Clear"
"2012-05-30 02:00","2012","05","30","02:00","15.5","","8.9","","65","","31","","7","","24.1","","98.40","","","","","","Mainly Clear"
"2012-05-30 03:00","2012","05","30","03:00","15.3","","8.3","","63","","33","","11","","24.1","","98.39","","","","","","Mainly Clear"
"2012-05-30 04:00","2012","05","30","04:00","14.9","","7.2","","60","","32","","9","","24.1","","98.40","","","","","","Mainly Clear"
"2012-05-30 05:00","2012","05","30","05:00","14.2","","6.5","","60","","31","","9","","24.1","","98.45","","","","","","Mainly Clear"
"2012-05-30 06:00","2012","05","30","06:00","15.1","","7.3","","60","","32","","13","","24.1","","98.48","","","","","","Clear"
"2012-05-30 07:00","2012","05","30","07:00","16.6","","7.2","","54","","34","","15","","24.1","","98.50","","","","","","Clear"
"2012-05-30 08:00","2012","05","30","08:00","18.1","","5.7","","44","","30","","13","","24.1","","98.53","","","","","","Clear"
"2012-05-30 09:00","2012","05","30","09:00","19.3","","5.9","","41","","32","","19","","24.1","","98.53","","","","","","Clear"
"2012-05-30 10:00","2012","05","30","10:00","21.1","","6.7","","39","","30","","15","","24.1","","98.56","","","","","","Mainly Clear"
"2012-05-30 11:00","2012","05","30","11:00","21.5","","6.7","","38","","32","","7","","24.1","","98.53","","","","","","Mostly Cloudy"
"2012-05-30 12:00","2012","05","30","12:00","22.2","","5.8","","34","","30","","19","","24.1","","98.47","","","","","","Mostly Cloudy"
"2012-05-30 13:00","2012","05","30","13:00","22.1","","5.7","","34","","29","","17","","24.1","","98.45","","","","","","Mostly Cloudy"
"2012-05-30 14:00","2012","05","30","14:00","21.8","","7.2","","39","","34","","13","","24.1","","98.41","","","","","","Mostly Cloudy"
"2012-05-30 15:00","2012","05","30","15:00","20.9","","7.1","","41","","29","","11","","24.1","","98.46","","","","","","Cloudy"
"2012-05-30 16:00","2012","05","30","16:00","20.3","","8.1","","45","","34","","19","","24.1","","98.51","","","","","","Cloudy"
"2012-05-30 17:00","2012","05","30","17:00","18.8","","8.4","","51","","33","","17","","24.1","","98.55","","","","","","Cloudy"
"2012-05-30 18:00","2012","05","30","18:00","17.9","","8.6","","54","","33","","17","","24.1","","98.59","","","","","","Cloudy"
"2012-05-30 19:00","2012","05","30","19:00","16.9","","9.0","","60","","32","","19","","24.1","","98.63","","","","","","Mostly Cloudy"
"2012-05-30 20:00","2012","05","30","20:00","15.2","","8.8","","66","","35","","13","","24.1","","98.65","","","","","","Mainly Clear"
"2012-05-30 21:00","2012","05","30","21:00","14.1","","7.7","","65","","32","","11","","24.1","","98.75","","","","","","Mainly Clear"
"2012-05-30 22:00","2012","05","30","22:00","13.3","","6.3","","63","","32","","11","","24.1","","98.76","","","","","","Mainly Clear"
"2012-05-30 23:00","2012","05","30","23:00","12.8","","6.1","","64","","32","","15","","24.1","","98.78","","","","","","Mainly Clear"
"2012-05-31 00:00","2012","05","31","00:00","11.8","","5.6","","66","","33","","9","","24.1","","98.79","","","","","","Mainly Clear"
"2012-05-31 01:00","2012","05","31","01:00","10.9","","5.3","","68","","31","","11","","24.1","","98.79","","","","","","Clear"
"2012-05-31 02:00","2012","05","31","02:00","9.9","","4.9","","71","","32","","15","","24.1","","98.79","","","","","","Clear"
"2012-05-31 03:00","2012","05","31","03:00","9.3","","5.1","","75","","33","","13","","24.1","","98.84","","","","","","Clear"
"2012-05-31 04:00","2012","05","31","04:00","8.6","","5.1","","79","","31","","11","","24.1","","98.92","","","","","","Clear"
"2012-05-31 05:00","2012","05","31","05:00","8.3","","5.4","","82","","34","","11","","24.1","","98.98","","","","","","Mainly Clear"
"2012-05-31 06:00","2012","05","31","06:00","9.6","","6.3","","80","","34","","9","","24.1","","99.05","","","","","","Mainly Clear"
"2012-05-31 07:00","2012","05","31","07:00","11.3","","7.2","","76","","35","","17","","24.1","","99.11","","","","","","Mainly Clear"
"2012-05-31 08:00","2012","05","31","08:00","12.8","","7.3","","69","","32","","17","","24.1","","99.15","","","","","","Mainly Clear"
"2012-05-31 09:00","2012","05","31","09:00","13.5","","6.5","","63","","33","","15","","24.1","","99.16","","","","","","Mainly Clear"
"2012-05-31 10:00","2012","05","31","10:00","16.3","","4.6","","46","","1","","15","","24.1","","99.17","","","","","","Mostly Cloudy"
"2012-05-31 11:00","2012","05","31","11:00","15.3","","4.5","","48","","36","","9","","24.1","","99.20","","","","","","Mostly Cloudy"
"2012-05-31 12:00","2012","05","31","12:00","16.9","","5.0","","45","","33","","6","","24.1","","99.18","","","","","","Mostly Cloudy"
"2012-05-31 13:00","2012","05","31","13:00","17.3","","4.4","","42","","2","","15","","24.1","","99.19","","","","","","Mostly Cloudy"
"2012-05-31 14:00","2012","05","31","14:00","17.0","","3.7","","41","","27","","7","","24.1","","99.15","","","","","","Mostly Cloudy"
"2012-05-31 15:00","2012","05","31","15:00","17.0","","3.9","","42","","36","","11","","24.1","","99.10","","","","","","Mainly Clear"
"2012-05-31 16:00","2012","05","31","16:00","18.7","","4.8","","40","","3","","11","","24.1","","99.09","","","","","","Mainly Clear"
"2012-05-31 17:00","2012","05","31","17:00","17.8","","3.8","","39","","3","","9","","24.1","","99.10","","","","","","Mainly Clear"
"2012-05-31 18:00","2012","05","31","18:00","17.0","","3.9","","42","","3","","17","","24.1","","99.08","","","","","","Mainly Clear"
"2012-05-31 19:00","2012","05","31","19:00","15.9","","3.8","","44","","2","","15","","24.1","","99.13","","","","","","Mainly Clear"
"2012-05-31 20:00","2012","05","31","20:00","14.5","","3.7","","48","","4","","9","","24.1","","99.17","","","","","","Mostly Cloudy"
"2012-05-31 21:00","2012","05","31","21:00","13.5","","3.9","","52","","3","","9","","24.1","","99.24","","","","","","Mainly Clear"
"2012-05-31 22:00","2012","05","31","22:00","13.3","","4.2","","54","","3","","6","","24.1","","99.25","","","","","","Mostly Cloudy"
"2012-05-31 23:00","2012","05","31","23:00","13.3","","4.6","","56","","2","","7","","24.1","","99.25","","","","","","Mostly Cloudy"
